[INFO] Scanning for projects...
[INFO] 
[INFO] -----------------------< xyz.planecon:planecon >------------------------
[INFO] Building planecon 0.2.4.1-alpha-SNAPSHOT
[INFO]   from pom.xml
[INFO] --------------------------------[ jar ]---------------------------------
[INFO] 
[INFO] >>> spring-boot:3.2.5:run (default-cli) > test-compile @ planecon >>>
[INFO] 
[INFO] --- resources:3.3.1:resources (default-resources) @ planecon ---
[INFO] Copying 1 resource from src/main/resources to target/classes
[INFO] Copying 123 resources from src/main/resources to target/classes
[INFO] 
[INFO] --- compiler:3.11.0:compile (default-compile) @ planecon ---
[INFO] Changes detected - recompiling the module! :source
[INFO] Compiling 95 source files with javac [debug release 17] to target/classes
[WARNING] /home/lorranluiz/planecon/src/main/java/xyz/planecon/model/entity/DemandStock.java:[40,5] Not generating equals and hashCode: A method with one of those names already exists. (Either both or none of these methods will be generated).
[WARNING] /home/lorranluiz/planecon/src/main/java/xyz/planecon/model/entity/WorkersProposal.java:[77,5] Not generating equals and hashCode: A method with one of those names already exists. (Either both or none of these methods will be generated).
[WARNING] /home/lorranluiz/planecon/src/main/java/xyz/planecon/model/entity/DemandVector.java:[68,5] Not generating equals and hashCode: A method with one of those names already exists. (Either both or none of these methods will be generated).
[INFO] /home/lorranluiz/planecon/src/main/java/xyz/planecon/config/DatabaseSeeder.java: /home/lorranluiz/planecon/src/main/java/xyz/planecon/config/DatabaseSeeder.java uses or overrides a deprecated API.
[INFO] /home/lorranluiz/planecon/src/main/java/xyz/planecon/config/DatabaseSeeder.java: Recompile with -Xlint:deprecation for details.
[INFO] 
[INFO] --- resources:3.3.1:testResources (default-testResources) @ planecon ---
[INFO] skip non existing resourceDirectory /home/lorranluiz/planecon/src/test/resources
[INFO] 
[INFO] --- compiler:3.11.0:testCompile (default-testCompile) @ planecon ---
[INFO] No sources to compile
[INFO] 
[INFO] <<< spring-boot:3.2.5:run (default-cli) < test-compile @ planecon <<<
[INFO] 
[INFO] 
[INFO] --- spring-boot:3.2.5:run (default-cli) @ planecon ---
[INFO] Attaching agents: []

  .   ____          _            __ _ _
 /\\ / ___'_ __ _ _(_)_ __  __ _ \ \ \ \
( ( )\___ | '_ | '_| | '_ \/ _` | \ \ \ \
 \\/  ___)| |_)| | | | | || (_| |  ) ) ) )
  '  |____| .__|_| |_|_| |_\__, | / / / /
 =========|_|==============|___/=/_/_/_/
 :: Spring Boot ::                (v3.2.5)

2026-05-14T00:42:00.772-03:00  INFO 1067516 --- [  restartedMain] xyz.planecon.Application                 : Starting Application using Java 17.0.19 with PID 1067516 (/home/lorranluiz/planecon/target/classes started by lorranluiz in /home/lorranluiz/planecon)
2026-05-14T00:42:00.773-03:00  INFO 1067516 --- [  restartedMain] xyz.planecon.Application                 : No active profile set, falling back to 1 default profile: "default"
2026-05-14T00:42:00.804-03:00  INFO 1067516 --- [  restartedMain] .e.DevToolsPropertyDefaultsPostProcessor : Devtools property defaults active! Set 'spring.devtools.add-properties' to 'false' to disable
2026-05-14T00:42:00.805-03:00  INFO 1067516 --- [  restartedMain] .e.DevToolsPropertyDefaultsPostProcessor : For additional web related logging consider setting the 'logging.level.web' property to 'DEBUG'
2026-05-14T00:42:01.274-03:00  INFO 1067516 --- [  restartedMain] .s.d.r.c.RepositoryConfigurationDelegate : Bootstrapping Spring Data JPA repositories in DEFAULT mode.
2026-05-14T00:42:01.321-03:00  INFO 1067516 --- [  restartedMain] .s.d.r.c.RepositoryConfigurationDelegate : Finished Spring Data repository scanning in 41 ms. Found 12 JPA repository interfaces.
Production keystore not found. Using self-signed certificate.
2026-05-14T00:42:02.115-03:00  INFO 1067516 --- [  restartedMain] o.s.b.w.embedded.tomcat.TomcatWebServer  : Tomcat initialized with ports 8080 (https), 8080 (http)
2026-05-14T00:42:02.124-03:00  INFO 1067516 --- [  restartedMain] o.apache.catalina.core.StandardService   : Starting service [Tomcat]
2026-05-14T00:42:02.125-03:00  INFO 1067516 --- [  restartedMain] o.apache.catalina.core.StandardEngine    : Starting Servlet engine: [Apache Tomcat/10.1.20]
2026-05-14T00:42:02.150-03:00  INFO 1067516 --- [  restartedMain] o.a.c.c.C.[Tomcat].[localhost].[/]       : Initializing Spring embedded WebApplicationContext
2026-05-14T00:42:02.150-03:00  INFO 1067516 --- [  restartedMain] w.s.c.ServletWebServerApplicationContext : Root WebApplicationContext: initialization completed in 1345 ms
2026-05-14T00:42:02.335-03:00  INFO 1067516 --- [  restartedMain] o.hibernate.jpa.internal.util.LogHelper  : HHH000204: Processing PersistenceUnitInfo [name: default]
2026-05-14T00:42:02.366-03:00  INFO 1067516 --- [  restartedMain] org.hibernate.Version                    : HHH000412: Hibernate ORM core version 6.4.0.Final
2026-05-14T00:42:02.382-03:00  INFO 1067516 --- [  restartedMain] o.h.c.internal.RegionFactoryInitiator    : HHH000025: Second-level cache region factory [org.hibernate.cache.jcache.internal.JCacheRegionFactory]
2026-05-14T00:42:02.498-03:00  INFO 1067516 --- [  restartedMain] o.s.o.j.p.SpringPersistenceUnitInfo      : No LoadTimeWeaver setup: ignoring JPA class transformer
2026-05-14T00:42:02.514-03:00  INFO 1067516 --- [  restartedMain] com.zaxxer.hikari.HikariDataSource       : HikariPool-1 - Starting...
2026-05-14T00:42:02.654-03:00  INFO 1067516 --- [  restartedMain] com.zaxxer.hikari.pool.HikariPool        : HikariPool-1 - Added connection org.postgresql.jdbc.PgConnection@561d909e
2026-05-14T00:42:02.655-03:00  INFO 1067516 --- [  restartedMain] com.zaxxer.hikari.HikariDataSource       : HikariPool-1 - Start completed.
2026-05-14T00:42:02.671-03:00  WARN 1067516 --- [  restartedMain] org.hibernate.orm.deprecation            : HHH90000025: PostgreSQLDialect does not need to be specified explicitly using 'hibernate.dialect' (remove the property setting and it will be selected by default)
2026-05-14T00:42:03.016-03:00  WARN 1067516 --- [  restartedMain] org.hibernate.orm.cache                  : HHH90001006: Missing cache[default-update-timestamps-region] was created on-the-fly. The created cache will use a provider-specific default configuration: make sure you defined one. You can disable this warning by setting 'hibernate.javax.cache.missing_cache_strategy' to 'create'.
2026-05-14T00:42:03.061-03:00  INFO 1067516 --- [  restartedMain] org.ehcache.core.EhcacheManager          : Cache 'default-update-timestamps-region' created in EhcacheManager.
2026-05-14T00:42:03.066-03:00  WARN 1067516 --- [  restartedMain] org.hibernate.orm.cache                  : HHH90001006: Missing cache[default-query-results-region] was created on-the-fly. The created cache will use a provider-specific default configuration: make sure you defined one. You can disable this warning by setting 'hibernate.javax.cache.missing_cache_strategy' to 'create'.
2026-05-14T00:42:03.069-03:00  INFO 1067516 --- [  restartedMain] org.ehcache.core.EhcacheManager          : Cache 'default-query-results-region' created in EhcacheManager.
2026-05-14T00:42:03.076-03:00  WARN 1067516 --- [  restartedMain] org.hibernate.orm.cache                  : HHH90001006: Missing cache[xyz.planecon.model.entity.City] was created on-the-fly. The created cache will use a provider-specific default configuration: make sure you defined one. You can disable this warning by setting 'hibernate.javax.cache.missing_cache_strategy' to 'create'.
2026-05-14T00:42:03.078-03:00  INFO 1067516 --- [  restartedMain] org.ehcache.core.EhcacheManager          : Cache 'xyz.planecon.model.entity.City' created in EhcacheManager.
2026-05-14T00:42:03.079-03:00  WARN 1067516 --- [  restartedMain] org.hibernate.orm.cache                  : HHH90001006: Missing cache[xyz.planecon.model.entity.Instance] was created on-the-fly. The created cache will use a provider-specific default configuration: make sure you defined one. You can disable this warning by setting 'hibernate.javax.cache.missing_cache_strategy' to 'create'.
2026-05-14T00:42:03.081-03:00  INFO 1067516 --- [  restartedMain] org.ehcache.core.EhcacheManager          : Cache 'xyz.planecon.model.entity.Instance' created in EhcacheManager.
2026-05-14T00:42:03.081-03:00  WARN 1067516 --- [  restartedMain] org.hibernate.orm.cache                  : HHH90001006: Missing cache[xyz.planecon.model.entity.SocialMaterialization] was created on-the-fly. The created cache will use a provider-specific default configuration: make sure you defined one. You can disable this warning by setting 'hibernate.javax.cache.missing_cache_strategy' to 'create'.
2026-05-14T00:42:03.084-03:00  INFO 1067516 --- [  restartedMain] org.ehcache.core.EhcacheManager          : Cache 'xyz.planecon.model.entity.SocialMaterialization' created in EhcacheManager.
2026-05-14T00:42:03.692-03:00  INFO 1067516 --- [  restartedMain] o.h.e.t.j.p.i.JtaPlatformInitiator       : HHH000489: No JTA platform available (set 'hibernate.transaction.jta.platform' to enable JTA platform integration)
2026-05-14T00:42:03.694-03:00  INFO 1067516 --- [  restartedMain] j.LocalContainerEntityManagerFactoryBean : Initialized JPA EntityManagerFactory for persistence unit 'default'
2026-05-14T00:42:03.801-03:00  INFO 1067516 --- [  restartedMain] i.StatisticalLoggingSessionEventListener : Session Metrics {
    0 nanoseconds spent acquiring 0 JDBC connections;
    0 nanoseconds spent releasing 0 JDBC connections;
    0 nanoseconds spent preparing 0 JDBC statements;
    0 nanoseconds spent executing 0 JDBC statements;
    0 nanoseconds spent executing 0 JDBC batches;
    0 nanoseconds spent performing 0 L2C puts;
    0 nanoseconds spent performing 0 L2C hits;
    0 nanoseconds spent performing 0 L2C misses;
    0 nanoseconds spent executing 0 flushes (flushing a total of 0 entities and 0 collections);
    0 nanoseconds spent executing 0 partial-flushes (flushing a total of 0 entities and 0 collections)
}
2026-05-14T00:42:03.802-03:00  INFO 1067516 --- [  restartedMain] i.StatisticalLoggingSessionEventListener : Session Metrics {
    0 nanoseconds spent acquiring 0 JDBC connections;
    0 nanoseconds spent releasing 0 JDBC connections;
    0 nanoseconds spent preparing 0 JDBC statements;
    0 nanoseconds spent executing 0 JDBC statements;
    0 nanoseconds spent executing 0 JDBC batches;
    0 nanoseconds spent performing 0 L2C puts;
    0 nanoseconds spent performing 0 L2C hits;
    0 nanoseconds spent performing 0 L2C misses;
    0 nanoseconds spent executing 0 flushes (flushing a total of 0 entities and 0 collections);
    0 nanoseconds spent executing 0 partial-flushes (flushing a total of 0 entities and 0 collections)
}
2026-05-14T00:42:03.880-03:00  INFO 1067516 --- [  restartedMain] i.StatisticalLoggingSessionEventListener : Session Metrics {
    0 nanoseconds spent acquiring 0 JDBC connections;
    0 nanoseconds spent releasing 0 JDBC connections;
    0 nanoseconds spent preparing 0 JDBC statements;
    0 nanoseconds spent executing 0 JDBC statements;
    0 nanoseconds spent executing 0 JDBC batches;
    0 nanoseconds spent performing 0 L2C puts;
    0 nanoseconds spent performing 0 L2C hits;
    0 nanoseconds spent performing 0 L2C misses;
    0 nanoseconds spent executing 0 flushes (flushing a total of 0 entities and 0 collections);
    0 nanoseconds spent executing 0 partial-flushes (flushing a total of 0 entities and 0 collections)
}
2026-05-14T00:42:03.904-03:00  INFO 1067516 --- [  restartedMain] i.StatisticalLoggingSessionEventListener : Session Metrics {
    0 nanoseconds spent acquiring 0 JDBC connections;
    0 nanoseconds spent releasing 0 JDBC connections;
    0 nanoseconds spent preparing 0 JDBC statements;
    0 nanoseconds spent executing 0 JDBC statements;
    0 nanoseconds spent executing 0 JDBC batches;
    0 nanoseconds spent performing 0 L2C puts;
    0 nanoseconds spent performing 0 L2C hits;
    0 nanoseconds spent performing 0 L2C misses;
    0 nanoseconds spent executing 0 flushes (flushing a total of 0 entities and 0 collections);
    0 nanoseconds spent executing 0 partial-flushes (flushing a total of 0 entities and 0 collections)
}
2026-05-14T00:42:03.906-03:00  INFO 1067516 --- [  restartedMain] i.StatisticalLoggingSessionEventListener : Session Metrics {
    0 nanoseconds spent acquiring 0 JDBC connections;
    0 nanoseconds spent releasing 0 JDBC connections;
    0 nanoseconds spent preparing 0 JDBC statements;
    0 nanoseconds spent executing 0 JDBC statements;
    0 nanoseconds spent executing 0 JDBC batches;
    0 nanoseconds spent performing 0 L2C puts;
    0 nanoseconds spent performing 0 L2C hits;
    0 nanoseconds spent performing 0 L2C misses;
    0 nanoseconds spent executing 0 flushes (flushing a total of 0 entities and 0 collections);
    0 nanoseconds spent executing 0 partial-flushes (flushing a total of 0 entities and 0 collections)
}
2026-05-14T00:42:03.943-03:00  INFO 1067516 --- [  restartedMain] o.s.d.j.r.query.QueryEnhancerFactory     : Hibernate is in classpath; If applicable, HQL parser will be used.
2026-05-14T00:42:04.039-03:00  INFO 1067516 --- [  restartedMain] i.StatisticalLoggingSessionEventListener : Session Metrics {
    0 nanoseconds spent acquiring 0 JDBC connections;
    0 nanoseconds spent releasing 0 JDBC connections;
    0 nanoseconds spent preparing 0 JDBC statements;
    0 nanoseconds spent executing 0 JDBC statements;
    0 nanoseconds spent executing 0 JDBC batches;
    0 nanoseconds spent performing 0 L2C puts;
    0 nanoseconds spent performing 0 L2C hits;
    0 nanoseconds spent performing 0 L2C misses;
    0 nanoseconds spent executing 0 flushes (flushing a total of 0 entities and 0 collections);
    0 nanoseconds spent executing 0 partial-flushes (flushing a total of 0 entities and 0 collections)
}
2026-05-14T00:42:04.040-03:00  INFO 1067516 --- [  restartedMain] i.StatisticalLoggingSessionEventListener : Session Metrics {
    0 nanoseconds spent acquiring 0 JDBC connections;
    0 nanoseconds spent releasing 0 JDBC connections;
    0 nanoseconds spent preparing 0 JDBC statements;
    0 nanoseconds spent executing 0 JDBC statements;
    0 nanoseconds spent executing 0 JDBC batches;
    0 nanoseconds spent performing 0 L2C puts;
    0 nanoseconds spent performing 0 L2C hits;
    0 nanoseconds spent performing 0 L2C misses;
    0 nanoseconds spent executing 0 flushes (flushing a total of 0 entities and 0 collections);
    0 nanoseconds spent executing 0 partial-flushes (flushing a total of 0 entities and 0 collections)
}
2026-05-14T00:42:04.164-03:00  INFO 1067516 --- [  restartedMain] i.StatisticalLoggingSessionEventListener : Session Metrics {
    0 nanoseconds spent acquiring 0 JDBC connections;
    0 nanoseconds spent releasing 0 JDBC connections;
    0 nanoseconds spent preparing 0 JDBC statements;
    0 nanoseconds spent executing 0 JDBC statements;
    0 nanoseconds spent executing 0 JDBC batches;
    0 nanoseconds spent performing 0 L2C puts;
    0 nanoseconds spent performing 0 L2C hits;
    0 nanoseconds spent performing 0 L2C misses;
    0 nanoseconds spent executing 0 flushes (flushing a total of 0 entities and 0 collections);
    0 nanoseconds spent executing 0 partial-flushes (flushing a total of 0 entities and 0 collections)
}
2026-05-14T00:42:04.165-03:00  INFO 1067516 --- [  restartedMain] i.StatisticalLoggingSessionEventListener : Session Metrics {
    0 nanoseconds spent acquiring 0 JDBC connections;
    0 nanoseconds spent releasing 0 JDBC connections;
    0 nanoseconds spent preparing 0 JDBC statements;
    0 nanoseconds spent executing 0 JDBC statements;
    0 nanoseconds spent executing 0 JDBC batches;
    0 nanoseconds spent performing 0 L2C puts;
    0 nanoseconds spent performing 0 L2C hits;
    0 nanoseconds spent performing 0 L2C misses;
    0 nanoseconds spent executing 0 flushes (flushing a total of 0 entities and 0 collections);
    0 nanoseconds spent executing 0 partial-flushes (flushing a total of 0 entities and 0 collections)
}
2026-05-14T00:42:04.166-03:00  INFO 1067516 --- [  restartedMain] i.StatisticalLoggingSessionEventListener : Session Metrics {
    0 nanoseconds spent acquiring 0 JDBC connections;
    0 nanoseconds spent releasing 0 JDBC connections;
    0 nanoseconds spent preparing 0 JDBC statements;
    0 nanoseconds spent executing 0 JDBC statements;
    0 nanoseconds spent executing 0 JDBC batches;
    0 nanoseconds spent performing 0 L2C puts;
    0 nanoseconds spent performing 0 L2C hits;
    0 nanoseconds spent performing 0 L2C misses;
    0 nanoseconds spent executing 0 flushes (flushing a total of 0 entities and 0 collections);
    0 nanoseconds spent executing 0 partial-flushes (flushing a total of 0 entities and 0 collections)
}
2026-05-14T00:42:04.168-03:00  INFO 1067516 --- [  restartedMain] i.StatisticalLoggingSessionEventListener : Session Metrics {
    0 nanoseconds spent acquiring 0 JDBC connections;
    0 nanoseconds spent releasing 0 JDBC connections;
    0 nanoseconds spent preparing 0 JDBC statements;
    0 nanoseconds spent executing 0 JDBC statements;
    0 nanoseconds spent executing 0 JDBC batches;
    0 nanoseconds spent performing 0 L2C puts;
    0 nanoseconds spent performing 0 L2C hits;
    0 nanoseconds spent performing 0 L2C misses;
    0 nanoseconds spent executing 0 flushes (flushing a total of 0 entities and 0 collections);
    0 nanoseconds spent executing 0 partial-flushes (flushing a total of 0 entities and 0 collections)
}
2026-05-14T00:42:04.168-03:00  INFO 1067516 --- [  restartedMain] i.StatisticalLoggingSessionEventListener : Session Metrics {
    0 nanoseconds spent acquiring 0 JDBC connections;
    0 nanoseconds spent releasing 0 JDBC connections;
    0 nanoseconds spent preparing 0 JDBC statements;
    0 nanoseconds spent executing 0 JDBC statements;
    0 nanoseconds spent executing 0 JDBC batches;
    0 nanoseconds spent performing 0 L2C puts;
    0 nanoseconds spent performing 0 L2C hits;
    0 nanoseconds spent performing 0 L2C misses;
    0 nanoseconds spent executing 0 flushes (flushing a total of 0 entities and 0 collections);
    0 nanoseconds spent executing 0 partial-flushes (flushing a total of 0 entities and 0 collections)
}
2026-05-14T00:42:04.173-03:00  INFO 1067516 --- [  restartedMain] i.StatisticalLoggingSessionEventListener : Session Metrics {
    0 nanoseconds spent acquiring 0 JDBC connections;
    0 nanoseconds spent releasing 0 JDBC connections;
    0 nanoseconds spent preparing 0 JDBC statements;
    0 nanoseconds spent executing 0 JDBC statements;
    0 nanoseconds spent executing 0 JDBC batches;
    0 nanoseconds spent performing 0 L2C puts;
    0 nanoseconds spent performing 0 L2C hits;
    0 nanoseconds spent performing 0 L2C misses;
    0 nanoseconds spent executing 0 flushes (flushing a total of 0 entities and 0 collections);
    0 nanoseconds spent executing 0 partial-flushes (flushing a total of 0 entities and 0 collections)
}
2026-05-14T00:42:04.173-03:00  INFO 1067516 --- [  restartedMain] i.StatisticalLoggingSessionEventListener : Session Metrics {
    0 nanoseconds spent acquiring 0 JDBC connections;
    0 nanoseconds spent releasing 0 JDBC connections;
    0 nanoseconds spent preparing 0 JDBC statements;
    0 nanoseconds spent executing 0 JDBC statements;
    0 nanoseconds spent executing 0 JDBC batches;
    0 nanoseconds spent performing 0 L2C puts;
    0 nanoseconds spent performing 0 L2C hits;
    0 nanoseconds spent performing 0 L2C misses;
    0 nanoseconds spent executing 0 flushes (flushing a total of 0 entities and 0 collections);
    0 nanoseconds spent executing 0 partial-flushes (flushing a total of 0 entities and 0 collections)
}
2026-05-14T00:42:04.178-03:00  INFO 1067516 --- [  restartedMain] i.StatisticalLoggingSessionEventListener : Session Metrics {
    0 nanoseconds spent acquiring 0 JDBC connections;
    0 nanoseconds spent releasing 0 JDBC connections;
    0 nanoseconds spent preparing 0 JDBC statements;
    0 nanoseconds spent executing 0 JDBC statements;
    0 nanoseconds spent executing 0 JDBC batches;
    0 nanoseconds spent performing 0 L2C puts;
    0 nanoseconds spent performing 0 L2C hits;
    0 nanoseconds spent performing 0 L2C misses;
    0 nanoseconds spent executing 0 flushes (flushing a total of 0 entities and 0 collections);
    0 nanoseconds spent executing 0 partial-flushes (flushing a total of 0 entities and 0 collections)
}
2026-05-14T00:42:04.181-03:00  INFO 1067516 --- [  restartedMain] i.StatisticalLoggingSessionEventListener : Session Metrics {
    0 nanoseconds spent acquiring 0 JDBC connections;
    0 nanoseconds spent releasing 0 JDBC connections;
    0 nanoseconds spent preparing 0 JDBC statements;
    0 nanoseconds spent executing 0 JDBC statements;
    0 nanoseconds spent executing 0 JDBC batches;
    0 nanoseconds spent performing 0 L2C puts;
    0 nanoseconds spent performing 0 L2C hits;
    0 nanoseconds spent performing 0 L2C misses;
    0 nanoseconds spent executing 0 flushes (flushing a total of 0 entities and 0 collections);
    0 nanoseconds spent executing 0 partial-flushes (flushing a total of 0 entities and 0 collections)
}
2026-05-14T00:42:04.182-03:00  INFO 1067516 --- [  restartedMain] i.StatisticalLoggingSessionEventListener : Session Metrics {
    0 nanoseconds spent acquiring 0 JDBC connections;
    0 nanoseconds spent releasing 0 JDBC connections;
    0 nanoseconds spent preparing 0 JDBC statements;
    0 nanoseconds spent executing 0 JDBC statements;
    0 nanoseconds spent executing 0 JDBC batches;
    0 nanoseconds spent performing 0 L2C puts;
    0 nanoseconds spent performing 0 L2C hits;
    0 nanoseconds spent performing 0 L2C misses;
    0 nanoseconds spent executing 0 flushes (flushing a total of 0 entities and 0 collections);
    0 nanoseconds spent executing 0 partial-flushes (flushing a total of 0 entities and 0 collections)
}
2026-05-14T00:42:04.186-03:00  INFO 1067516 --- [  restartedMain] i.StatisticalLoggingSessionEventListener : Session Metrics {
    0 nanoseconds spent acquiring 0 JDBC connections;
    0 nanoseconds spent releasing 0 JDBC connections;
    0 nanoseconds spent preparing 0 JDBC statements;
    0 nanoseconds spent executing 0 JDBC statements;
    0 nanoseconds spent executing 0 JDBC batches;
    0 nanoseconds spent performing 0 L2C puts;
    0 nanoseconds spent performing 0 L2C hits;
    0 nanoseconds spent performing 0 L2C misses;
    0 nanoseconds spent executing 0 flushes (flushing a total of 0 entities and 0 collections);
    0 nanoseconds spent executing 0 partial-flushes (flushing a total of 0 entities and 0 collections)
}
2026-05-14T00:42:04.188-03:00  INFO 1067516 --- [  restartedMain] i.StatisticalLoggingSessionEventListener : Session Metrics {
    0 nanoseconds spent acquiring 0 JDBC connections;
    0 nanoseconds spent releasing 0 JDBC connections;
    0 nanoseconds spent preparing 0 JDBC statements;
    0 nanoseconds spent executing 0 JDBC statements;
    0 nanoseconds spent executing 0 JDBC batches;
    0 nanoseconds spent performing 0 L2C puts;
    0 nanoseconds spent performing 0 L2C hits;
    0 nanoseconds spent performing 0 L2C misses;
    0 nanoseconds spent executing 0 flushes (flushing a total of 0 entities and 0 collections);
    0 nanoseconds spent executing 0 partial-flushes (flushing a total of 0 entities and 0 collections)
}
2026-05-14T00:42:04.189-03:00  INFO 1067516 --- [  restartedMain] i.StatisticalLoggingSessionEventListener : Session Metrics {
    0 nanoseconds spent acquiring 0 JDBC connections;
    0 nanoseconds spent releasing 0 JDBC connections;
    0 nanoseconds spent preparing 0 JDBC statements;
    0 nanoseconds spent executing 0 JDBC statements;
    0 nanoseconds spent executing 0 JDBC batches;
    0 nanoseconds spent performing 0 L2C puts;
    0 nanoseconds spent performing 0 L2C hits;
    0 nanoseconds spent performing 0 L2C misses;
    0 nanoseconds spent executing 0 flushes (flushing a total of 0 entities and 0 collections);
    0 nanoseconds spent executing 0 partial-flushes (flushing a total of 0 entities and 0 collections)
}
2026-05-14T00:42:04.191-03:00  INFO 1067516 --- [  restartedMain] i.StatisticalLoggingSessionEventListener : Session Metrics {
    0 nanoseconds spent acquiring 0 JDBC connections;
    0 nanoseconds spent releasing 0 JDBC connections;
    0 nanoseconds spent preparing 0 JDBC statements;
    0 nanoseconds spent executing 0 JDBC statements;
    0 nanoseconds spent executing 0 JDBC batches;
    0 nanoseconds spent performing 0 L2C puts;
    0 nanoseconds spent performing 0 L2C hits;
    0 nanoseconds spent performing 0 L2C misses;
    0 nanoseconds spent executing 0 flushes (flushing a total of 0 entities and 0 collections);
    0 nanoseconds spent executing 0 partial-flushes (flushing a total of 0 entities and 0 collections)
}
2026-05-14T00:42:04.193-03:00  INFO 1067516 --- [  restartedMain] i.StatisticalLoggingSessionEventListener : Session Metrics {
    0 nanoseconds spent acquiring 0 JDBC connections;
    0 nanoseconds spent releasing 0 JDBC connections;
    0 nanoseconds spent preparing 0 JDBC statements;
    0 nanoseconds spent executing 0 JDBC statements;
    0 nanoseconds spent executing 0 JDBC batches;
    0 nanoseconds spent performing 0 L2C puts;
    0 nanoseconds spent performing 0 L2C hits;
    0 nanoseconds spent performing 0 L2C misses;
    0 nanoseconds spent executing 0 flushes (flushing a total of 0 entities and 0 collections);
    0 nanoseconds spent executing 0 partial-flushes (flushing a total of 0 entities and 0 collections)
}
2026-05-14T00:42:04.193-03:00  INFO 1067516 --- [  restartedMain] i.StatisticalLoggingSessionEventListener : Session Metrics {
    0 nanoseconds spent acquiring 0 JDBC connections;
    0 nanoseconds spent releasing 0 JDBC connections;
    0 nanoseconds spent preparing 0 JDBC statements;
    0 nanoseconds spent executing 0 JDBC statements;
    0 nanoseconds spent executing 0 JDBC batches;
    0 nanoseconds spent performing 0 L2C puts;
    0 nanoseconds spent performing 0 L2C hits;
    0 nanoseconds spent performing 0 L2C misses;
    0 nanoseconds spent executing 0 flushes (flushing a total of 0 entities and 0 collections);
    0 nanoseconds spent executing 0 partial-flushes (flushing a total of 0 entities and 0 collections)
}
2026-05-14T00:42:04.197-03:00  INFO 1067516 --- [  restartedMain] i.StatisticalLoggingSessionEventListener : Session Metrics {
    0 nanoseconds spent acquiring 0 JDBC connections;
    0 nanoseconds spent releasing 0 JDBC connections;
    0 nanoseconds spent preparing 0 JDBC statements;
    0 nanoseconds spent executing 0 JDBC statements;
    0 nanoseconds spent executing 0 JDBC batches;
    0 nanoseconds spent performing 0 L2C puts;
    0 nanoseconds spent performing 0 L2C hits;
    0 nanoseconds spent performing 0 L2C misses;
    0 nanoseconds spent executing 0 flushes (flushing a total of 0 entities and 0 collections);
    0 nanoseconds spent executing 0 partial-flushes (flushing a total of 0 entities and 0 collections)
}
2026-05-14T00:42:04.198-03:00  INFO 1067516 --- [  restartedMain] i.StatisticalLoggingSessionEventListener : Session Metrics {
    0 nanoseconds spent acquiring 0 JDBC connections;
    0 nanoseconds spent releasing 0 JDBC connections;
    0 nanoseconds spent preparing 0 JDBC statements;
    0 nanoseconds spent executing 0 JDBC statements;
    0 nanoseconds spent executing 0 JDBC batches;
    0 nanoseconds spent performing 0 L2C puts;
    0 nanoseconds spent performing 0 L2C hits;
    0 nanoseconds spent performing 0 L2C misses;
    0 nanoseconds spent executing 0 flushes (flushing a total of 0 entities and 0 collections);
    0 nanoseconds spent executing 0 partial-flushes (flushing a total of 0 entities and 0 collections)
}
2026-05-14T00:42:04.198-03:00  INFO 1067516 --- [  restartedMain] i.StatisticalLoggingSessionEventListener : Session Metrics {
    0 nanoseconds spent acquiring 0 JDBC connections;
    0 nanoseconds spent releasing 0 JDBC connections;
    0 nanoseconds spent preparing 0 JDBC statements;
    0 nanoseconds spent executing 0 JDBC statements;
    0 nanoseconds spent executing 0 JDBC batches;
    0 nanoseconds spent performing 0 L2C puts;
    0 nanoseconds spent performing 0 L2C hits;
    0 nanoseconds spent performing 0 L2C misses;
    0 nanoseconds spent executing 0 flushes (flushing a total of 0 entities and 0 collections);
    0 nanoseconds spent executing 0 partial-flushes (flushing a total of 0 entities and 0 collections)
}
2026-05-14T00:42:04.199-03:00  INFO 1067516 --- [  restartedMain] i.StatisticalLoggingSessionEventListener : Session Metrics {
    0 nanoseconds spent acquiring 0 JDBC connections;
    0 nanoseconds spent releasing 0 JDBC connections;
    0 nanoseconds spent preparing 0 JDBC statements;
    0 nanoseconds spent executing 0 JDBC statements;
    0 nanoseconds spent executing 0 JDBC batches;
    0 nanoseconds spent performing 0 L2C puts;
    0 nanoseconds spent performing 0 L2C hits;
    0 nanoseconds spent performing 0 L2C misses;
    0 nanoseconds spent executing 0 flushes (flushing a total of 0 entities and 0 collections);
    0 nanoseconds spent executing 0 partial-flushes (flushing a total of 0 entities and 0 collections)
}
2026-05-14T00:42:04.201-03:00  INFO 1067516 --- [  restartedMain] i.StatisticalLoggingSessionEventListener : Session Metrics {
    0 nanoseconds spent acquiring 0 JDBC connections;
    0 nanoseconds spent releasing 0 JDBC connections;
    0 nanoseconds spent preparing 0 JDBC statements;
    0 nanoseconds spent executing 0 JDBC statements;
    0 nanoseconds spent executing 0 JDBC batches;
    0 nanoseconds spent performing 0 L2C puts;
    0 nanoseconds spent performing 0 L2C hits;
    0 nanoseconds spent performing 0 L2C misses;
    0 nanoseconds spent executing 0 flushes (flushing a total of 0 entities and 0 collections);
    0 nanoseconds spent executing 0 partial-flushes (flushing a total of 0 entities and 0 collections)
}
2026-05-14T00:42:04.201-03:00  INFO 1067516 --- [  restartedMain] i.StatisticalLoggingSessionEventListener : Session Metrics {
    0 nanoseconds spent acquiring 0 JDBC connections;
    0 nanoseconds spent releasing 0 JDBC connections;
    0 nanoseconds spent preparing 0 JDBC statements;
    0 nanoseconds spent executing 0 JDBC statements;
    0 nanoseconds spent executing 0 JDBC batches;
    0 nanoseconds spent performing 0 L2C puts;
    0 nanoseconds spent performing 0 L2C hits;
    0 nanoseconds spent performing 0 L2C misses;
    0 nanoseconds spent executing 0 flushes (flushing a total of 0 entities and 0 collections);
    0 nanoseconds spent executing 0 partial-flushes (flushing a total of 0 entities and 0 collections)
}
2026-05-14T00:42:04.202-03:00  INFO 1067516 --- [  restartedMain] i.StatisticalLoggingSessionEventListener : Session Metrics {
    0 nanoseconds spent acquiring 0 JDBC connections;
    0 nanoseconds spent releasing 0 JDBC connections;
    0 nanoseconds spent preparing 0 JDBC statements;
    0 nanoseconds spent executing 0 JDBC statements;
    0 nanoseconds spent executing 0 JDBC batches;
    0 nanoseconds spent performing 0 L2C puts;
    0 nanoseconds spent performing 0 L2C hits;
    0 nanoseconds spent performing 0 L2C misses;
    0 nanoseconds spent executing 0 flushes (flushing a total of 0 entities and 0 collections);
    0 nanoseconds spent executing 0 partial-flushes (flushing a total of 0 entities and 0 collections)
}
2026-05-14T00:42:04.208-03:00  INFO 1067516 --- [  restartedMain] i.StatisticalLoggingSessionEventListener : Session Metrics {
    0 nanoseconds spent acquiring 0 JDBC connections;
    0 nanoseconds spent releasing 0 JDBC connections;
    0 nanoseconds spent preparing 0 JDBC statements;
    0 nanoseconds spent executing 0 JDBC statements;
    0 nanoseconds spent executing 0 JDBC batches;
    0 nanoseconds spent performing 0 L2C puts;
    0 nanoseconds spent performing 0 L2C hits;
    0 nanoseconds spent performing 0 L2C misses;
    0 nanoseconds spent executing 0 flushes (flushing a total of 0 entities and 0 collections);
    0 nanoseconds spent executing 0 partial-flushes (flushing a total of 0 entities and 0 collections)
}
2026-05-14T00:42:04.208-03:00  INFO 1067516 --- [  restartedMain] i.StatisticalLoggingSessionEventListener : Session Metrics {
    0 nanoseconds spent acquiring 0 JDBC connections;
    0 nanoseconds spent releasing 0 JDBC connections;
    0 nanoseconds spent preparing 0 JDBC statements;
    0 nanoseconds spent executing 0 JDBC statements;
    0 nanoseconds spent executing 0 JDBC batches;
    0 nanoseconds spent performing 0 L2C puts;
    0 nanoseconds spent performing 0 L2C hits;
    0 nanoseconds spent performing 0 L2C misses;
    0 nanoseconds spent executing 0 flushes (flushing a total of 0 entities and 0 collections);
    0 nanoseconds spent executing 0 partial-flushes (flushing a total of 0 entities and 0 collections)
}
2026-05-14T00:42:04.220-03:00  INFO 1067516 --- [  restartedMain] i.StatisticalLoggingSessionEventListener : Session Metrics {
    0 nanoseconds spent acquiring 0 JDBC connections;
    0 nanoseconds spent releasing 0 JDBC connections;
    0 nanoseconds spent preparing 0 JDBC statements;
    0 nanoseconds spent executing 0 JDBC statements;
    0 nanoseconds spent executing 0 JDBC batches;
    0 nanoseconds spent performing 0 L2C puts;
    0 nanoseconds spent performing 0 L2C hits;
    0 nanoseconds spent performing 0 L2C misses;
    0 nanoseconds spent executing 0 flushes (flushing a total of 0 entities and 0 collections);
    0 nanoseconds spent executing 0 partial-flushes (flushing a total of 0 entities and 0 collections)
}
2026-05-14T00:42:04.221-03:00  INFO 1067516 --- [  restartedMain] i.StatisticalLoggingSessionEventListener : Session Metrics {
    0 nanoseconds spent acquiring 0 JDBC connections;
    0 nanoseconds spent releasing 0 JDBC connections;
    0 nanoseconds spent preparing 0 JDBC statements;
    0 nanoseconds spent executing 0 JDBC statements;
    0 nanoseconds spent executing 0 JDBC batches;
    0 nanoseconds spent performing 0 L2C puts;
    0 nanoseconds spent performing 0 L2C hits;
    0 nanoseconds spent performing 0 L2C misses;
    0 nanoseconds spent executing 0 flushes (flushing a total of 0 entities and 0 collections);
    0 nanoseconds spent executing 0 partial-flushes (flushing a total of 0 entities and 0 collections)
}
2026-05-14T00:42:04.222-03:00  INFO 1067516 --- [  restartedMain] i.StatisticalLoggingSessionEventListener : Session Metrics {
    0 nanoseconds spent acquiring 0 JDBC connections;
    0 nanoseconds spent releasing 0 JDBC connections;
    0 nanoseconds spent preparing 0 JDBC statements;
    0 nanoseconds spent executing 0 JDBC statements;
    0 nanoseconds spent executing 0 JDBC batches;
    0 nanoseconds spent performing 0 L2C puts;
    0 nanoseconds spent performing 0 L2C hits;
    0 nanoseconds spent performing 0 L2C misses;
    0 nanoseconds spent executing 0 flushes (flushing a total of 0 entities and 0 collections);
    0 nanoseconds spent executing 0 partial-flushes (flushing a total of 0 entities and 0 collections)
}
2026-05-14T00:42:04.224-03:00  INFO 1067516 --- [  restartedMain] i.StatisticalLoggingSessionEventListener : Session Metrics {
    0 nanoseconds spent acquiring 0 JDBC connections;
    0 nanoseconds spent releasing 0 JDBC connections;
    0 nanoseconds spent preparing 0 JDBC statements;
    0 nanoseconds spent executing 0 JDBC statements;
    0 nanoseconds spent executing 0 JDBC batches;
    0 nanoseconds spent performing 0 L2C puts;
    0 nanoseconds spent performing 0 L2C hits;
    0 nanoseconds spent performing 0 L2C misses;
    0 nanoseconds spent executing 0 flushes (flushing a total of 0 entities and 0 collections);
    0 nanoseconds spent executing 0 partial-flushes (flushing a total of 0 entities and 0 collections)
}
2026-05-14T00:42:04.225-03:00  INFO 1067516 --- [  restartedMain] i.StatisticalLoggingSessionEventListener : Session Metrics {
    0 nanoseconds spent acquiring 0 JDBC connections;
    0 nanoseconds spent releasing 0 JDBC connections;
    0 nanoseconds spent preparing 0 JDBC statements;
    0 nanoseconds spent executing 0 JDBC statements;
    0 nanoseconds spent executing 0 JDBC batches;
    0 nanoseconds spent performing 0 L2C puts;
    0 nanoseconds spent performing 0 L2C hits;
    0 nanoseconds spent performing 0 L2C misses;
    0 nanoseconds spent executing 0 flushes (flushing a total of 0 entities and 0 collections);
    0 nanoseconds spent executing 0 partial-flushes (flushing a total of 0 entities and 0 collections)
}
2026-05-14T00:42:04.225-03:00  INFO 1067516 --- [  restartedMain] i.StatisticalLoggingSessionEventListener : Session Metrics {
    0 nanoseconds spent acquiring 0 JDBC connections;
    0 nanoseconds spent releasing 0 JDBC connections;
    0 nanoseconds spent preparing 0 JDBC statements;
    0 nanoseconds spent executing 0 JDBC statements;
    0 nanoseconds spent executing 0 JDBC batches;
    0 nanoseconds spent performing 0 L2C puts;
    0 nanoseconds spent performing 0 L2C hits;
    0 nanoseconds spent performing 0 L2C misses;
    0 nanoseconds spent executing 0 flushes (flushing a total of 0 entities and 0 collections);
    0 nanoseconds spent executing 0 partial-flushes (flushing a total of 0 entities and 0 collections)
}
2026-05-14T00:42:04.227-03:00  INFO 1067516 --- [  restartedMain] i.StatisticalLoggingSessionEventListener : Session Metrics {
    0 nanoseconds spent acquiring 0 JDBC connections;
    0 nanoseconds spent releasing 0 JDBC connections;
    0 nanoseconds spent preparing 0 JDBC statements;
    0 nanoseconds spent executing 0 JDBC statements;
    0 nanoseconds spent executing 0 JDBC batches;
    0 nanoseconds spent performing 0 L2C puts;
    0 nanoseconds spent performing 0 L2C hits;
    0 nanoseconds spent performing 0 L2C misses;
    0 nanoseconds spent executing 0 flushes (flushing a total of 0 entities and 0 collections);
    0 nanoseconds spent executing 0 partial-flushes (flushing a total of 0 entities and 0 collections)
}
2026-05-14T00:42:04.228-03:00  INFO 1067516 --- [  restartedMain] i.StatisticalLoggingSessionEventListener : Session Metrics {
    0 nanoseconds spent acquiring 0 JDBC connections;
    0 nanoseconds spent releasing 0 JDBC connections;
    0 nanoseconds spent preparing 0 JDBC statements;
    0 nanoseconds spent executing 0 JDBC statements;
    0 nanoseconds spent executing 0 JDBC batches;
    0 nanoseconds spent performing 0 L2C puts;
    0 nanoseconds spent performing 0 L2C hits;
    0 nanoseconds spent performing 0 L2C misses;
    0 nanoseconds spent executing 0 flushes (flushing a total of 0 entities and 0 collections);
    0 nanoseconds spent executing 0 partial-flushes (flushing a total of 0 entities and 0 collections)
}
2026-05-14T00:42:04.231-03:00  INFO 1067516 --- [  restartedMain] i.StatisticalLoggingSessionEventListener : Session Metrics {
    0 nanoseconds spent acquiring 0 JDBC connections;
    0 nanoseconds spent releasing 0 JDBC connections;
    0 nanoseconds spent preparing 0 JDBC statements;
    0 nanoseconds spent executing 0 JDBC statements;
    0 nanoseconds spent executing 0 JDBC batches;
    0 nanoseconds spent performing 0 L2C puts;
    0 nanoseconds spent performing 0 L2C hits;
    0 nanoseconds spent performing 0 L2C misses;
    0 nanoseconds spent executing 0 flushes (flushing a total of 0 entities and 0 collections);
    0 nanoseconds spent executing 0 partial-flushes (flushing a total of 0 entities and 0 collections)
}
2026-05-14T00:42:04.232-03:00  INFO 1067516 --- [  restartedMain] i.StatisticalLoggingSessionEventListener : Session Metrics {
    0 nanoseconds spent acquiring 0 JDBC connections;
    0 nanoseconds spent releasing 0 JDBC connections;
    0 nanoseconds spent preparing 0 JDBC statements;
    0 nanoseconds spent executing 0 JDBC statements;
    0 nanoseconds spent executing 0 JDBC batches;
    0 nanoseconds spent performing 0 L2C puts;
    0 nanoseconds spent performing 0 L2C hits;
    0 nanoseconds spent performing 0 L2C misses;
    0 nanoseconds spent executing 0 flushes (flushing a total of 0 entities and 0 collections);
    0 nanoseconds spent executing 0 partial-flushes (flushing a total of 0 entities and 0 collections)
}
2026-05-14T00:42:04.233-03:00  INFO 1067516 --- [  restartedMain] i.StatisticalLoggingSessionEventListener : Session Metrics {
    0 nanoseconds spent acquiring 0 JDBC connections;
    0 nanoseconds spent releasing 0 JDBC connections;
    0 nanoseconds spent preparing 0 JDBC statements;
    0 nanoseconds spent executing 0 JDBC statements;
    0 nanoseconds spent executing 0 JDBC batches;
    0 nanoseconds spent performing 0 L2C puts;
    0 nanoseconds spent performing 0 L2C hits;
    0 nanoseconds spent performing 0 L2C misses;
    0 nanoseconds spent executing 0 flushes (flushing a total of 0 entities and 0 collections);
    0 nanoseconds spent executing 0 partial-flushes (flushing a total of 0 entities and 0 collections)
}
2026-05-14T00:42:04.234-03:00  INFO 1067516 --- [  restartedMain] i.StatisticalLoggingSessionEventListener : Session Metrics {
    0 nanoseconds spent acquiring 0 JDBC connections;
    0 nanoseconds spent releasing 0 JDBC connections;
    0 nanoseconds spent preparing 0 JDBC statements;
    0 nanoseconds spent executing 0 JDBC statements;
    0 nanoseconds spent executing 0 JDBC batches;
    0 nanoseconds spent performing 0 L2C puts;
    0 nanoseconds spent performing 0 L2C hits;
    0 nanoseconds spent performing 0 L2C misses;
    0 nanoseconds spent executing 0 flushes (flushing a total of 0 entities and 0 collections);
    0 nanoseconds spent executing 0 partial-flushes (flushing a total of 0 entities and 0 collections)
}
2026-05-14T00:42:04.235-03:00  INFO 1067516 --- [  restartedMain] i.StatisticalLoggingSessionEventListener : Session Metrics {
    0 nanoseconds spent acquiring 0 JDBC connections;
    0 nanoseconds spent releasing 0 JDBC connections;
    0 nanoseconds spent preparing 0 JDBC statements;
    0 nanoseconds spent executing 0 JDBC statements;
    0 nanoseconds spent executing 0 JDBC batches;
    0 nanoseconds spent performing 0 L2C puts;
    0 nanoseconds spent performing 0 L2C hits;
    0 nanoseconds spent performing 0 L2C misses;
    0 nanoseconds spent executing 0 flushes (flushing a total of 0 entities and 0 collections);
    0 nanoseconds spent executing 0 partial-flushes (flushing a total of 0 entities and 0 collections)
}
2026-05-14T00:42:04.236-03:00  INFO 1067516 --- [  restartedMain] i.StatisticalLoggingSessionEventListener : Session Metrics {
    0 nanoseconds spent acquiring 0 JDBC connections;
    0 nanoseconds spent releasing 0 JDBC connections;
    0 nanoseconds spent preparing 0 JDBC statements;
    0 nanoseconds spent executing 0 JDBC statements;
    0 nanoseconds spent executing 0 JDBC batches;
    0 nanoseconds spent performing 0 L2C puts;
    0 nanoseconds spent performing 0 L2C hits;
    0 nanoseconds spent performing 0 L2C misses;
    0 nanoseconds spent executing 0 flushes (flushing a total of 0 entities and 0 collections);
    0 nanoseconds spent executing 0 partial-flushes (flushing a total of 0 entities and 0 collections)
}
2026-05-14T00:42:04.237-03:00  INFO 1067516 --- [  restartedMain] i.StatisticalLoggingSessionEventListener : Session Metrics {
    0 nanoseconds spent acquiring 0 JDBC connections;
    0 nanoseconds spent releasing 0 JDBC connections;
    0 nanoseconds spent preparing 0 JDBC statements;
    0 nanoseconds spent executing 0 JDBC statements;
    0 nanoseconds spent executing 0 JDBC batches;
    0 nanoseconds spent performing 0 L2C puts;
    0 nanoseconds spent performing 0 L2C hits;
    0 nanoseconds spent performing 0 L2C misses;
    0 nanoseconds spent executing 0 flushes (flushing a total of 0 entities and 0 collections);
    0 nanoseconds spent executing 0 partial-flushes (flushing a total of 0 entities and 0 collections)
}
2026-05-14T00:42:04.238-03:00  INFO 1067516 --- [  restartedMain] i.StatisticalLoggingSessionEventListener : Session Metrics {
    0 nanoseconds spent acquiring 0 JDBC connections;
    0 nanoseconds spent releasing 0 JDBC connections;
    0 nanoseconds spent preparing 0 JDBC statements;
    0 nanoseconds spent executing 0 JDBC statements;
    0 nanoseconds spent executing 0 JDBC batches;
    0 nanoseconds spent performing 0 L2C puts;
    0 nanoseconds spent performing 0 L2C hits;
    0 nanoseconds spent performing 0 L2C misses;
    0 nanoseconds spent executing 0 flushes (flushing a total of 0 entities and 0 collections);
    0 nanoseconds spent executing 0 partial-flushes (flushing a total of 0 entities and 0 collections)
}
2026-05-14T00:42:04.238-03:00  INFO 1067516 --- [  restartedMain] i.StatisticalLoggingSessionEventListener : Session Metrics {
    0 nanoseconds spent acquiring 0 JDBC connections;
    0 nanoseconds spent releasing 0 JDBC connections;
    0 nanoseconds spent preparing 0 JDBC statements;
    0 nanoseconds spent executing 0 JDBC statements;
    0 nanoseconds spent executing 0 JDBC batches;
    0 nanoseconds spent performing 0 L2C puts;
    0 nanoseconds spent performing 0 L2C hits;
    0 nanoseconds spent performing 0 L2C misses;
    0 nanoseconds spent executing 0 flushes (flushing a total of 0 entities and 0 collections);
    0 nanoseconds spent executing 0 partial-flushes (flushing a total of 0 entities and 0 collections)
}
2026-05-14T00:42:04.239-03:00  INFO 1067516 --- [  restartedMain] i.StatisticalLoggingSessionEventListener : Session Metrics {
    0 nanoseconds spent acquiring 0 JDBC connections;
    0 nanoseconds spent releasing 0 JDBC connections;
    0 nanoseconds spent preparing 0 JDBC statements;
    0 nanoseconds spent executing 0 JDBC statements;
    0 nanoseconds spent executing 0 JDBC batches;
    0 nanoseconds spent performing 0 L2C puts;
    0 nanoseconds spent performing 0 L2C hits;
    0 nanoseconds spent performing 0 L2C misses;
    0 nanoseconds spent executing 0 flushes (flushing a total of 0 entities and 0 collections);
    0 nanoseconds spent executing 0 partial-flushes (flushing a total of 0 entities and 0 collections)
}
2026-05-14T00:42:04.239-03:00  INFO 1067516 --- [  restartedMain] i.StatisticalLoggingSessionEventListener : Session Metrics {
    0 nanoseconds spent acquiring 0 JDBC connections;
    0 nanoseconds spent releasing 0 JDBC connections;
    0 nanoseconds spent preparing 0 JDBC statements;
    0 nanoseconds spent executing 0 JDBC statements;
    0 nanoseconds spent executing 0 JDBC batches;
    0 nanoseconds spent performing 0 L2C puts;
    0 nanoseconds spent performing 0 L2C hits;
    0 nanoseconds spent performing 0 L2C misses;
    0 nanoseconds spent executing 0 flushes (flushing a total of 0 entities and 0 collections);
    0 nanoseconds spent executing 0 partial-flushes (flushing a total of 0 entities and 0 collections)
}
2026-05-14T00:42:04.240-03:00  INFO 1067516 --- [  restartedMain] i.StatisticalLoggingSessionEventListener : Session Metrics {
    0 nanoseconds spent acquiring 0 JDBC connections;
    0 nanoseconds spent releasing 0 JDBC connections;
    0 nanoseconds spent preparing 0 JDBC statements;
    0 nanoseconds spent executing 0 JDBC statements;
    0 nanoseconds spent executing 0 JDBC batches;
    0 nanoseconds spent performing 0 L2C puts;
    0 nanoseconds spent performing 0 L2C hits;
    0 nanoseconds spent performing 0 L2C misses;
    0 nanoseconds spent executing 0 flushes (flushing a total of 0 entities and 0 collections);
    0 nanoseconds spent executing 0 partial-flushes (flushing a total of 0 entities and 0 collections)
}
2026-05-14T00:42:04.241-03:00  INFO 1067516 --- [  restartedMain] i.StatisticalLoggingSessionEventListener : Session Metrics {
    0 nanoseconds spent acquiring 0 JDBC connections;
    0 nanoseconds spent releasing 0 JDBC connections;
    0 nanoseconds spent preparing 0 JDBC statements;
    0 nanoseconds spent executing 0 JDBC statements;
    0 nanoseconds spent executing 0 JDBC batches;
    0 nanoseconds spent performing 0 L2C puts;
    0 nanoseconds spent performing 0 L2C hits;
    0 nanoseconds spent performing 0 L2C misses;
    0 nanoseconds spent executing 0 flushes (flushing a total of 0 entities and 0 collections);
    0 nanoseconds spent executing 0 partial-flushes (flushing a total of 0 entities and 0 collections)
}
2026-05-14T00:42:04.241-03:00  INFO 1067516 --- [  restartedMain] i.StatisticalLoggingSessionEventListener : Session Metrics {
    0 nanoseconds spent acquiring 0 JDBC connections;
    0 nanoseconds spent releasing 0 JDBC connections;
    0 nanoseconds spent preparing 0 JDBC statements;
    0 nanoseconds spent executing 0 JDBC statements;
    0 nanoseconds spent executing 0 JDBC batches;
    0 nanoseconds spent performing 0 L2C puts;
    0 nanoseconds spent performing 0 L2C hits;
    0 nanoseconds spent performing 0 L2C misses;
    0 nanoseconds spent executing 0 flushes (flushing a total of 0 entities and 0 collections);
    0 nanoseconds spent executing 0 partial-flushes (flushing a total of 0 entities and 0 collections)
}
2026-05-14T00:42:04.242-03:00  INFO 1067516 --- [  restartedMain] i.StatisticalLoggingSessionEventListener : Session Metrics {
    0 nanoseconds spent acquiring 0 JDBC connections;
    0 nanoseconds spent releasing 0 JDBC connections;
    0 nanoseconds spent preparing 0 JDBC statements;
    0 nanoseconds spent executing 0 JDBC statements;
    0 nanoseconds spent executing 0 JDBC batches;
    0 nanoseconds spent performing 0 L2C puts;
    0 nanoseconds spent performing 0 L2C hits;
    0 nanoseconds spent performing 0 L2C misses;
    0 nanoseconds spent executing 0 flushes (flushing a total of 0 entities and 0 collections);
    0 nanoseconds spent executing 0 partial-flushes (flushing a total of 0 entities and 0 collections)
}
2026-05-14T00:42:04.257-03:00  INFO 1067516 --- [  restartedMain] i.StatisticalLoggingSessionEventListener : Session Metrics {
    0 nanoseconds spent acquiring 0 JDBC connections;
    0 nanoseconds spent releasing 0 JDBC connections;
    0 nanoseconds spent preparing 0 JDBC statements;
    0 nanoseconds spent executing 0 JDBC statements;
    0 nanoseconds spent executing 0 JDBC batches;
    0 nanoseconds spent performing 0 L2C puts;
    0 nanoseconds spent performing 0 L2C hits;
    0 nanoseconds spent performing 0 L2C misses;
    0 nanoseconds spent executing 0 flushes (flushing a total of 0 entities and 0 collections);
    0 nanoseconds spent executing 0 partial-flushes (flushing a total of 0 entities and 0 collections)
}
2026-05-14T00:42:04.258-03:00  INFO 1067516 --- [  restartedMain] i.StatisticalLoggingSessionEventListener : Session Metrics {
    0 nanoseconds spent acquiring 0 JDBC connections;
    0 nanoseconds spent releasing 0 JDBC connections;
    0 nanoseconds spent preparing 0 JDBC statements;
    0 nanoseconds spent executing 0 JDBC statements;
    0 nanoseconds spent executing 0 JDBC batches;
    0 nanoseconds spent performing 0 L2C puts;
    0 nanoseconds spent performing 0 L2C hits;
    0 nanoseconds spent performing 0 L2C misses;
    0 nanoseconds spent executing 0 flushes (flushing a total of 0 entities and 0 collections);
    0 nanoseconds spent executing 0 partial-flushes (flushing a total of 0 entities and 0 collections)
}
2026-05-14T00:42:04.262-03:00  INFO 1067516 --- [  restartedMain] i.StatisticalLoggingSessionEventListener : Session Metrics {
    0 nanoseconds spent acquiring 0 JDBC connections;
    0 nanoseconds spent releasing 0 JDBC connections;
    0 nanoseconds spent preparing 0 JDBC statements;
    0 nanoseconds spent executing 0 JDBC statements;
    0 nanoseconds spent executing 0 JDBC batches;
    0 nanoseconds spent performing 0 L2C puts;
    0 nanoseconds spent performing 0 L2C hits;
    0 nanoseconds spent performing 0 L2C misses;
    0 nanoseconds spent executing 0 flushes (flushing a total of 0 entities and 0 collections);
    0 nanoseconds spent executing 0 partial-flushes (flushing a total of 0 entities and 0 collections)
}
2026-05-14T00:42:04.263-03:00  INFO 1067516 --- [  restartedMain] i.StatisticalLoggingSessionEventListener : Session Metrics {
    0 nanoseconds spent acquiring 0 JDBC connections;
    0 nanoseconds spent releasing 0 JDBC connections;
    0 nanoseconds spent preparing 0 JDBC statements;
    0 nanoseconds spent executing 0 JDBC statements;
    0 nanoseconds spent executing 0 JDBC batches;
    0 nanoseconds spent performing 0 L2C puts;
    0 nanoseconds spent performing 0 L2C hits;
    0 nanoseconds spent performing 0 L2C misses;
    0 nanoseconds spent executing 0 flushes (flushing a total of 0 entities and 0 collections);
    0 nanoseconds spent executing 0 partial-flushes (flushing a total of 0 entities and 0 collections)
}
2026-05-14T00:42:04.277-03:00  INFO 1067516 --- [  restartedMain] i.StatisticalLoggingSessionEventListener : Session Metrics {
    0 nanoseconds spent acquiring 0 JDBC connections;
    0 nanoseconds spent releasing 0 JDBC connections;
    0 nanoseconds spent preparing 0 JDBC statements;
    0 nanoseconds spent executing 0 JDBC statements;
    0 nanoseconds spent executing 0 JDBC batches;
    0 nanoseconds spent performing 0 L2C puts;
    0 nanoseconds spent performing 0 L2C hits;
    0 nanoseconds spent performing 0 L2C misses;
    0 nanoseconds spent executing 0 flushes (flushing a total of 0 entities and 0 collections);
    0 nanoseconds spent executing 0 partial-flushes (flushing a total of 0 entities and 0 collections)
}
2026-05-14T00:42:04.278-03:00  INFO 1067516 --- [  restartedMain] i.StatisticalLoggingSessionEventListener : Session Metrics {
    0 nanoseconds spent acquiring 0 JDBC connections;
    0 nanoseconds spent releasing 0 JDBC connections;
    0 nanoseconds spent preparing 0 JDBC statements;
    0 nanoseconds spent executing 0 JDBC statements;
    0 nanoseconds spent executing 0 JDBC batches;
    0 nanoseconds spent performing 0 L2C puts;
    0 nanoseconds spent performing 0 L2C hits;
    0 nanoseconds spent performing 0 L2C misses;
    0 nanoseconds spent executing 0 flushes (flushing a total of 0 entities and 0 collections);
    0 nanoseconds spent executing 0 partial-flushes (flushing a total of 0 entities and 0 collections)
}
2026-05-14T00:42:04.278-03:00  INFO 1067516 --- [  restartedMain] i.StatisticalLoggingSessionEventListener : Session Metrics {
    0 nanoseconds spent acquiring 0 JDBC connections;
    0 nanoseconds spent releasing 0 JDBC connections;
    0 nanoseconds spent preparing 0 JDBC statements;
    0 nanoseconds spent executing 0 JDBC statements;
    0 nanoseconds spent executing 0 JDBC batches;
    0 nanoseconds spent performing 0 L2C puts;
    0 nanoseconds spent performing 0 L2C hits;
    0 nanoseconds spent performing 0 L2C misses;
    0 nanoseconds spent executing 0 flushes (flushing a total of 0 entities and 0 collections);
    0 nanoseconds spent executing 0 partial-flushes (flushing a total of 0 entities and 0 collections)
}
2026-05-14T00:42:04.279-03:00  INFO 1067516 --- [  restartedMain] i.StatisticalLoggingSessionEventListener : Session Metrics {
    0 nanoseconds spent acquiring 0 JDBC connections;
    0 nanoseconds spent releasing 0 JDBC connections;
    0 nanoseconds spent preparing 0 JDBC statements;
    0 nanoseconds spent executing 0 JDBC statements;
    0 nanoseconds spent executing 0 JDBC batches;
    0 nanoseconds spent performing 0 L2C puts;
    0 nanoseconds spent performing 0 L2C hits;
    0 nanoseconds spent performing 0 L2C misses;
    0 nanoseconds spent executing 0 flushes (flushing a total of 0 entities and 0 collections);
    0 nanoseconds spent executing 0 partial-flushes (flushing a total of 0 entities and 0 collections)
}
2026-05-14T00:42:04.279-03:00  INFO 1067516 --- [  restartedMain] i.StatisticalLoggingSessionEventListener : Session Metrics {
    0 nanoseconds spent acquiring 0 JDBC connections;
    0 nanoseconds spent releasing 0 JDBC connections;
    0 nanoseconds spent preparing 0 JDBC statements;
    0 nanoseconds spent executing 0 JDBC statements;
    0 nanoseconds spent executing 0 JDBC batches;
    0 nanoseconds spent performing 0 L2C puts;
    0 nanoseconds spent performing 0 L2C hits;
    0 nanoseconds spent performing 0 L2C misses;
    0 nanoseconds spent executing 0 flushes (flushing a total of 0 entities and 0 collections);
    0 nanoseconds spent executing 0 partial-flushes (flushing a total of 0 entities and 0 collections)
}
2026-05-14T00:42:04.282-03:00  INFO 1067516 --- [  restartedMain] i.StatisticalLoggingSessionEventListener : Session Metrics {
    0 nanoseconds spent acquiring 0 JDBC connections;
    0 nanoseconds spent releasing 0 JDBC connections;
    0 nanoseconds spent preparing 0 JDBC statements;
    0 nanoseconds spent executing 0 JDBC statements;
    0 nanoseconds spent executing 0 JDBC batches;
    0 nanoseconds spent performing 0 L2C puts;
    0 nanoseconds spent performing 0 L2C hits;
    0 nanoseconds spent performing 0 L2C misses;
    0 nanoseconds spent executing 0 flushes (flushing a total of 0 entities and 0 collections);
    0 nanoseconds spent executing 0 partial-flushes (flushing a total of 0 entities and 0 collections)
}
2026-05-14T00:42:04.282-03:00  INFO 1067516 --- [  restartedMain] i.StatisticalLoggingSessionEventListener : Session Metrics {
    0 nanoseconds spent acquiring 0 JDBC connections;
    0 nanoseconds spent releasing 0 JDBC connections;
    0 nanoseconds spent preparing 0 JDBC statements;
    0 nanoseconds spent executing 0 JDBC statements;
    0 nanoseconds spent executing 0 JDBC batches;
    0 nanoseconds spent performing 0 L2C puts;
    0 nanoseconds spent performing 0 L2C hits;
    0 nanoseconds spent performing 0 L2C misses;
    0 nanoseconds spent executing 0 flushes (flushing a total of 0 entities and 0 collections);
    0 nanoseconds spent executing 0 partial-flushes (flushing a total of 0 entities and 0 collections)
}
2026-05-14T00:42:04.292-03:00  INFO 1067516 --- [  restartedMain] i.StatisticalLoggingSessionEventListener : Session Metrics {
    0 nanoseconds spent acquiring 0 JDBC connections;
    0 nanoseconds spent releasing 0 JDBC connections;
    0 nanoseconds spent preparing 0 JDBC statements;
    0 nanoseconds spent executing 0 JDBC statements;
    0 nanoseconds spent executing 0 JDBC batches;
    0 nanoseconds spent performing 0 L2C puts;
    0 nanoseconds spent performing 0 L2C hits;
    0 nanoseconds spent performing 0 L2C misses;
    0 nanoseconds spent executing 0 flushes (flushing a total of 0 entities and 0 collections);
    0 nanoseconds spent executing 0 partial-flushes (flushing a total of 0 entities and 0 collections)
}
2026-05-14T00:42:04.292-03:00  INFO 1067516 --- [  restartedMain] i.StatisticalLoggingSessionEventListener : Session Metrics {
    0 nanoseconds spent acquiring 0 JDBC connections;
    0 nanoseconds spent releasing 0 JDBC connections;
    0 nanoseconds spent preparing 0 JDBC statements;
    0 nanoseconds spent executing 0 JDBC statements;
    0 nanoseconds spent executing 0 JDBC batches;
    0 nanoseconds spent performing 0 L2C puts;
    0 nanoseconds spent performing 0 L2C hits;
    0 nanoseconds spent performing 0 L2C misses;
    0 nanoseconds spent executing 0 flushes (flushing a total of 0 entities and 0 collections);
    0 nanoseconds spent executing 0 partial-flushes (flushing a total of 0 entities and 0 collections)
}
2026-05-14T00:42:04.294-03:00  INFO 1067516 --- [  restartedMain] i.StatisticalLoggingSessionEventListener : Session Metrics {
    0 nanoseconds spent acquiring 0 JDBC connections;
    0 nanoseconds spent releasing 0 JDBC connections;
    0 nanoseconds spent preparing 0 JDBC statements;
    0 nanoseconds spent executing 0 JDBC statements;
    0 nanoseconds spent executing 0 JDBC batches;
    0 nanoseconds spent performing 0 L2C puts;
    0 nanoseconds spent performing 0 L2C hits;
    0 nanoseconds spent performing 0 L2C misses;
    0 nanoseconds spent executing 0 flushes (flushing a total of 0 entities and 0 collections);
    0 nanoseconds spent executing 0 partial-flushes (flushing a total of 0 entities and 0 collections)
}
2026-05-14T00:42:04.294-03:00  INFO 1067516 --- [  restartedMain] i.StatisticalLoggingSessionEventListener : Session Metrics {
    0 nanoseconds spent acquiring 0 JDBC connections;
    0 nanoseconds spent releasing 0 JDBC connections;
    0 nanoseconds spent preparing 0 JDBC statements;
    0 nanoseconds spent executing 0 JDBC statements;
    0 nanoseconds spent executing 0 JDBC batches;
    0 nanoseconds spent performing 0 L2C puts;
    0 nanoseconds spent performing 0 L2C hits;
    0 nanoseconds spent performing 0 L2C misses;
    0 nanoseconds spent executing 0 flushes (flushing a total of 0 entities and 0 collections);
    0 nanoseconds spent executing 0 partial-flushes (flushing a total of 0 entities and 0 collections)
}
2026-05-14T00:42:04.295-03:00  INFO 1067516 --- [  restartedMain] i.StatisticalLoggingSessionEventListener : Session Metrics {
    0 nanoseconds spent acquiring 0 JDBC connections;
    0 nanoseconds spent releasing 0 JDBC connections;
    0 nanoseconds spent preparing 0 JDBC statements;
    0 nanoseconds spent executing 0 JDBC statements;
    0 nanoseconds spent executing 0 JDBC batches;
    0 nanoseconds spent performing 0 L2C puts;
    0 nanoseconds spent performing 0 L2C hits;
    0 nanoseconds spent performing 0 L2C misses;
    0 nanoseconds spent executing 0 flushes (flushing a total of 0 entities and 0 collections);
    0 nanoseconds spent executing 0 partial-flushes (flushing a total of 0 entities and 0 collections)
}
2026-05-14T00:42:04.296-03:00  INFO 1067516 --- [  restartedMain] i.StatisticalLoggingSessionEventListener : Session Metrics {
    0 nanoseconds spent acquiring 0 JDBC connections;
    0 nanoseconds spent releasing 0 JDBC connections;
    0 nanoseconds spent preparing 0 JDBC statements;
    0 nanoseconds spent executing 0 JDBC statements;
    0 nanoseconds spent executing 0 JDBC batches;
    0 nanoseconds spent performing 0 L2C puts;
    0 nanoseconds spent performing 0 L2C hits;
    0 nanoseconds spent performing 0 L2C misses;
    0 nanoseconds spent executing 0 flushes (flushing a total of 0 entities and 0 collections);
    0 nanoseconds spent executing 0 partial-flushes (flushing a total of 0 entities and 0 collections)
}
2026-05-14T00:42:04.297-03:00  INFO 1067516 --- [  restartedMain] i.StatisticalLoggingSessionEventListener : Session Metrics {
    0 nanoseconds spent acquiring 0 JDBC connections;
    0 nanoseconds spent releasing 0 JDBC connections;
    0 nanoseconds spent preparing 0 JDBC statements;
    0 nanoseconds spent executing 0 JDBC statements;
    0 nanoseconds spent executing 0 JDBC batches;
    0 nanoseconds spent performing 0 L2C puts;
    0 nanoseconds spent performing 0 L2C hits;
    0 nanoseconds spent performing 0 L2C misses;
    0 nanoseconds spent executing 0 flushes (flushing a total of 0 entities and 0 collections);
    0 nanoseconds spent executing 0 partial-flushes (flushing a total of 0 entities and 0 collections)
}
2026-05-14T00:42:04.304-03:00  INFO 1067516 --- [  restartedMain] i.StatisticalLoggingSessionEventListener : Session Metrics {
    0 nanoseconds spent acquiring 0 JDBC connections;
    0 nanoseconds spent releasing 0 JDBC connections;
    0 nanoseconds spent preparing 0 JDBC statements;
    0 nanoseconds spent executing 0 JDBC statements;
    0 nanoseconds spent executing 0 JDBC batches;
    0 nanoseconds spent performing 0 L2C puts;
    0 nanoseconds spent performing 0 L2C hits;
    0 nanoseconds spent performing 0 L2C misses;
    0 nanoseconds spent executing 0 flushes (flushing a total of 0 entities and 0 collections);
    0 nanoseconds spent executing 0 partial-flushes (flushing a total of 0 entities and 0 collections)
}
2026-05-14T00:42:04.304-03:00  INFO 1067516 --- [  restartedMain] i.StatisticalLoggingSessionEventListener : Session Metrics {
    0 nanoseconds spent acquiring 0 JDBC connections;
    0 nanoseconds spent releasing 0 JDBC connections;
    0 nanoseconds spent preparing 0 JDBC statements;
    0 nanoseconds spent executing 0 JDBC statements;
    0 nanoseconds spent executing 0 JDBC batches;
    0 nanoseconds spent performing 0 L2C puts;
    0 nanoseconds spent performing 0 L2C hits;
    0 nanoseconds spent performing 0 L2C misses;
    0 nanoseconds spent executing 0 flushes (flushing a total of 0 entities and 0 collections);
    0 nanoseconds spent executing 0 partial-flushes (flushing a total of 0 entities and 0 collections)
}
2026-05-14T00:42:04.306-03:00  INFO 1067516 --- [  restartedMain] i.StatisticalLoggingSessionEventListener : Session Metrics {
    0 nanoseconds spent acquiring 0 JDBC connections;
    0 nanoseconds spent releasing 0 JDBC connections;
    0 nanoseconds spent preparing 0 JDBC statements;
    0 nanoseconds spent executing 0 JDBC statements;
    0 nanoseconds spent executing 0 JDBC batches;
    0 nanoseconds spent performing 0 L2C puts;
    0 nanoseconds spent performing 0 L2C hits;
    0 nanoseconds spent performing 0 L2C misses;
    0 nanoseconds spent executing 0 flushes (flushing a total of 0 entities and 0 collections);
    0 nanoseconds spent executing 0 partial-flushes (flushing a total of 0 entities and 0 collections)
}
2026-05-14T00:42:04.306-03:00  INFO 1067516 --- [  restartedMain] i.StatisticalLoggingSessionEventListener : Session Metrics {
    0 nanoseconds spent acquiring 0 JDBC connections;
    0 nanoseconds spent releasing 0 JDBC connections;
    0 nanoseconds spent preparing 0 JDBC statements;
    0 nanoseconds spent executing 0 JDBC statements;
    0 nanoseconds spent executing 0 JDBC batches;
    0 nanoseconds spent performing 0 L2C puts;
    0 nanoseconds spent performing 0 L2C hits;
    0 nanoseconds spent performing 0 L2C misses;
    0 nanoseconds spent executing 0 flushes (flushing a total of 0 entities and 0 collections);
    0 nanoseconds spent executing 0 partial-flushes (flushing a total of 0 entities and 0 collections)
}
2026-05-14T00:42:04.307-03:00  INFO 1067516 --- [  restartedMain] i.StatisticalLoggingSessionEventListener : Session Metrics {
    0 nanoseconds spent acquiring 0 JDBC connections;
    0 nanoseconds spent releasing 0 JDBC connections;
    0 nanoseconds spent preparing 0 JDBC statements;
    0 nanoseconds spent executing 0 JDBC statements;
    0 nanoseconds spent executing 0 JDBC batches;
    0 nanoseconds spent performing 0 L2C puts;
    0 nanoseconds spent performing 0 L2C hits;
    0 nanoseconds spent performing 0 L2C misses;
    0 nanoseconds spent executing 0 flushes (flushing a total of 0 entities and 0 collections);
    0 nanoseconds spent executing 0 partial-flushes (flushing a total of 0 entities and 0 collections)
}
2026-05-14T00:42:04.307-03:00  INFO 1067516 --- [  restartedMain] i.StatisticalLoggingSessionEventListener : Session Metrics {
    0 nanoseconds spent acquiring 0 JDBC connections;
    0 nanoseconds spent releasing 0 JDBC connections;
    0 nanoseconds spent preparing 0 JDBC statements;
    0 nanoseconds spent executing 0 JDBC statements;
    0 nanoseconds spent executing 0 JDBC batches;
    0 nanoseconds spent performing 0 L2C puts;
    0 nanoseconds spent performing 0 L2C hits;
    0 nanoseconds spent performing 0 L2C misses;
    0 nanoseconds spent executing 0 flushes (flushing a total of 0 entities and 0 collections);
    0 nanoseconds spent executing 0 partial-flushes (flushing a total of 0 entities and 0 collections)
}
2026-05-14T00:42:04.308-03:00  INFO 1067516 --- [  restartedMain] i.StatisticalLoggingSessionEventListener : Session Metrics {
    0 nanoseconds spent acquiring 0 JDBC connections;
    0 nanoseconds spent releasing 0 JDBC connections;
    0 nanoseconds spent preparing 0 JDBC statements;
    0 nanoseconds spent executing 0 JDBC statements;
    0 nanoseconds spent executing 0 JDBC batches;
    0 nanoseconds spent performing 0 L2C puts;
    0 nanoseconds spent performing 0 L2C hits;
    0 nanoseconds spent performing 0 L2C misses;
    0 nanoseconds spent executing 0 flushes (flushing a total of 0 entities and 0 collections);
    0 nanoseconds spent executing 0 partial-flushes (flushing a total of 0 entities and 0 collections)
}
2026-05-14T00:42:04.315-03:00  INFO 1067516 --- [  restartedMain] i.StatisticalLoggingSessionEventListener : Session Metrics {
    0 nanoseconds spent acquiring 0 JDBC connections;
    0 nanoseconds spent releasing 0 JDBC connections;
    0 nanoseconds spent preparing 0 JDBC statements;
    0 nanoseconds spent executing 0 JDBC statements;
    0 nanoseconds spent executing 0 JDBC batches;
    0 nanoseconds spent performing 0 L2C puts;
    0 nanoseconds spent performing 0 L2C hits;
    0 nanoseconds spent performing 0 L2C misses;
    0 nanoseconds spent executing 0 flushes (flushing a total of 0 entities and 0 collections);
    0 nanoseconds spent executing 0 partial-flushes (flushing a total of 0 entities and 0 collections)
}
2026-05-14T00:42:04.329-03:00  INFO 1067516 --- [  restartedMain] i.StatisticalLoggingSessionEventListener : Session Metrics {
    0 nanoseconds spent acquiring 0 JDBC connections;
    0 nanoseconds spent releasing 0 JDBC connections;
    0 nanoseconds spent preparing 0 JDBC statements;
    0 nanoseconds spent executing 0 JDBC statements;
    0 nanoseconds spent executing 0 JDBC batches;
    0 nanoseconds spent performing 0 L2C puts;
    0 nanoseconds spent performing 0 L2C hits;
    0 nanoseconds spent performing 0 L2C misses;
    0 nanoseconds spent executing 0 flushes (flushing a total of 0 entities and 0 collections);
    0 nanoseconds spent executing 0 partial-flushes (flushing a total of 0 entities and 0 collections)
}
2026-05-14T00:42:04.331-03:00  INFO 1067516 --- [  restartedMain] i.StatisticalLoggingSessionEventListener : Session Metrics {
    0 nanoseconds spent acquiring 0 JDBC connections;
    0 nanoseconds spent releasing 0 JDBC connections;
    0 nanoseconds spent preparing 0 JDBC statements;
    0 nanoseconds spent executing 0 JDBC statements;
    0 nanoseconds spent executing 0 JDBC batches;
    0 nanoseconds spent performing 0 L2C puts;
    0 nanoseconds spent performing 0 L2C hits;
    0 nanoseconds spent performing 0 L2C misses;
    0 nanoseconds spent executing 0 flushes (flushing a total of 0 entities and 0 collections);
    0 nanoseconds spent executing 0 partial-flushes (flushing a total of 0 entities and 0 collections)
}
2026-05-14T00:42:04.331-03:00  INFO 1067516 --- [  restartedMain] i.StatisticalLoggingSessionEventListener : Session Metrics {
    0 nanoseconds spent acquiring 0 JDBC connections;
    0 nanoseconds spent releasing 0 JDBC connections;
    0 nanoseconds spent preparing 0 JDBC statements;
    0 nanoseconds spent executing 0 JDBC statements;
    0 nanoseconds spent executing 0 JDBC batches;
    0 nanoseconds spent performing 0 L2C puts;
    0 nanoseconds spent performing 0 L2C hits;
    0 nanoseconds spent performing 0 L2C misses;
    0 nanoseconds spent executing 0 flushes (flushing a total of 0 entities and 0 collections);
    0 nanoseconds spent executing 0 partial-flushes (flushing a total of 0 entities and 0 collections)
}
2026-05-14T00:42:04.339-03:00  INFO 1067516 --- [  restartedMain] i.StatisticalLoggingSessionEventListener : Session Metrics {
    0 nanoseconds spent acquiring 0 JDBC connections;
    0 nanoseconds spent releasing 0 JDBC connections;
    0 nanoseconds spent preparing 0 JDBC statements;
    0 nanoseconds spent executing 0 JDBC statements;
    0 nanoseconds spent executing 0 JDBC batches;
    0 nanoseconds spent performing 0 L2C puts;
    0 nanoseconds spent performing 0 L2C hits;
    0 nanoseconds spent performing 0 L2C misses;
    0 nanoseconds spent executing 0 flushes (flushing a total of 0 entities and 0 collections);
    0 nanoseconds spent executing 0 partial-flushes (flushing a total of 0 entities and 0 collections)
}
2026-05-14T00:42:04.340-03:00  INFO 1067516 --- [  restartedMain] i.StatisticalLoggingSessionEventListener : Session Metrics {
    0 nanoseconds spent acquiring 0 JDBC connections;
    0 nanoseconds spent releasing 0 JDBC connections;
    0 nanoseconds spent preparing 0 JDBC statements;
    0 nanoseconds spent executing 0 JDBC statements;
    0 nanoseconds spent executing 0 JDBC batches;
    0 nanoseconds spent performing 0 L2C puts;
    0 nanoseconds spent performing 0 L2C hits;
    0 nanoseconds spent performing 0 L2C misses;
    0 nanoseconds spent executing 0 flushes (flushing a total of 0 entities and 0 collections);
    0 nanoseconds spent executing 0 partial-flushes (flushing a total of 0 entities and 0 collections)
}
2026-05-14T00:42:04.343-03:00  INFO 1067516 --- [  restartedMain] i.StatisticalLoggingSessionEventListener : Session Metrics {
    0 nanoseconds spent acquiring 0 JDBC connections;
    0 nanoseconds spent releasing 0 JDBC connections;
    0 nanoseconds spent preparing 0 JDBC statements;
    0 nanoseconds spent executing 0 JDBC statements;
    0 nanoseconds spent executing 0 JDBC batches;
    0 nanoseconds spent performing 0 L2C puts;
    0 nanoseconds spent performing 0 L2C hits;
    0 nanoseconds spent performing 0 L2C misses;
    0 nanoseconds spent executing 0 flushes (flushing a total of 0 entities and 0 collections);
    0 nanoseconds spent executing 0 partial-flushes (flushing a total of 0 entities and 0 collections)
}
2026-05-14T00:42:04.343-03:00  INFO 1067516 --- [  restartedMain] i.StatisticalLoggingSessionEventListener : Session Metrics {
    0 nanoseconds spent acquiring 0 JDBC connections;
    0 nanoseconds spent releasing 0 JDBC connections;
    0 nanoseconds spent preparing 0 JDBC statements;
    0 nanoseconds spent executing 0 JDBC statements;
    0 nanoseconds spent executing 0 JDBC batches;
    0 nanoseconds spent performing 0 L2C puts;
    0 nanoseconds spent performing 0 L2C hits;
    0 nanoseconds spent performing 0 L2C misses;
    0 nanoseconds spent executing 0 flushes (flushing a total of 0 entities and 0 collections);
    0 nanoseconds spent executing 0 partial-flushes (flushing a total of 0 entities and 0 collections)
}
2026-05-14T00:42:04.344-03:00  INFO 1067516 --- [  restartedMain] i.StatisticalLoggingSessionEventListener : Session Metrics {
    0 nanoseconds spent acquiring 0 JDBC connections;
    0 nanoseconds spent releasing 0 JDBC connections;
    0 nanoseconds spent preparing 0 JDBC statements;
    0 nanoseconds spent executing 0 JDBC statements;
    0 nanoseconds spent executing 0 JDBC batches;
    0 nanoseconds spent performing 0 L2C puts;
    0 nanoseconds spent performing 0 L2C hits;
    0 nanoseconds spent performing 0 L2C misses;
    0 nanoseconds spent executing 0 flushes (flushing a total of 0 entities and 0 collections);
    0 nanoseconds spent executing 0 partial-flushes (flushing a total of 0 entities and 0 collections)
}
2026-05-14T00:42:04.345-03:00  INFO 1067516 --- [  restartedMain] i.StatisticalLoggingSessionEventListener : Session Metrics {
    0 nanoseconds spent acquiring 0 JDBC connections;
    0 nanoseconds spent releasing 0 JDBC connections;
    0 nanoseconds spent preparing 0 JDBC statements;
    0 nanoseconds spent executing 0 JDBC statements;
    0 nanoseconds spent executing 0 JDBC batches;
    0 nanoseconds spent performing 0 L2C puts;
    0 nanoseconds spent performing 0 L2C hits;
    0 nanoseconds spent performing 0 L2C misses;
    0 nanoseconds spent executing 0 flushes (flushing a total of 0 entities and 0 collections);
    0 nanoseconds spent executing 0 partial-flushes (flushing a total of 0 entities and 0 collections)
}
2026-05-14T00:42:04.345-03:00  INFO 1067516 --- [  restartedMain] i.StatisticalLoggingSessionEventListener : Session Metrics {
    0 nanoseconds spent acquiring 0 JDBC connections;
    0 nanoseconds spent releasing 0 JDBC connections;
    0 nanoseconds spent preparing 0 JDBC statements;
    0 nanoseconds spent executing 0 JDBC statements;
    0 nanoseconds spent executing 0 JDBC batches;
    0 nanoseconds spent performing 0 L2C puts;
    0 nanoseconds spent performing 0 L2C hits;
    0 nanoseconds spent performing 0 L2C misses;
    0 nanoseconds spent executing 0 flushes (flushing a total of 0 entities and 0 collections);
    0 nanoseconds spent executing 0 partial-flushes (flushing a total of 0 entities and 0 collections)
}
2026-05-14T00:42:04.346-03:00  INFO 1067516 --- [  restartedMain] i.StatisticalLoggingSessionEventListener : Session Metrics {
    0 nanoseconds spent acquiring 0 JDBC connections;
    0 nanoseconds spent releasing 0 JDBC connections;
    0 nanoseconds spent preparing 0 JDBC statements;
    0 nanoseconds spent executing 0 JDBC statements;
    0 nanoseconds spent executing 0 JDBC batches;
    0 nanoseconds spent performing 0 L2C puts;
    0 nanoseconds spent performing 0 L2C hits;
    0 nanoseconds spent performing 0 L2C misses;
    0 nanoseconds spent executing 0 flushes (flushing a total of 0 entities and 0 collections);
    0 nanoseconds spent executing 0 partial-flushes (flushing a total of 0 entities and 0 collections)
}
2026-05-14T00:42:04.347-03:00  INFO 1067516 --- [  restartedMain] i.StatisticalLoggingSessionEventListener : Session Metrics {
    0 nanoseconds spent acquiring 0 JDBC connections;
    0 nanoseconds spent releasing 0 JDBC connections;
    0 nanoseconds spent preparing 0 JDBC statements;
    0 nanoseconds spent executing 0 JDBC statements;
    0 nanoseconds spent executing 0 JDBC batches;
    0 nanoseconds spent performing 0 L2C puts;
    0 nanoseconds spent performing 0 L2C hits;
    0 nanoseconds spent performing 0 L2C misses;
    0 nanoseconds spent executing 0 flushes (flushing a total of 0 entities and 0 collections);
    0 nanoseconds spent executing 0 partial-flushes (flushing a total of 0 entities and 0 collections)
}
2026-05-14T00:42:04.348-03:00  INFO 1067516 --- [  restartedMain] i.StatisticalLoggingSessionEventListener : Session Metrics {
    0 nanoseconds spent acquiring 0 JDBC connections;
    0 nanoseconds spent releasing 0 JDBC connections;
    0 nanoseconds spent preparing 0 JDBC statements;
    0 nanoseconds spent executing 0 JDBC statements;
    0 nanoseconds spent executing 0 JDBC batches;
    0 nanoseconds spent performing 0 L2C puts;
    0 nanoseconds spent performing 0 L2C hits;
    0 nanoseconds spent performing 0 L2C misses;
    0 nanoseconds spent executing 0 flushes (flushing a total of 0 entities and 0 collections);
    0 nanoseconds spent executing 0 partial-flushes (flushing a total of 0 entities and 0 collections)
}
2026-05-14T00:42:04.348-03:00  INFO 1067516 --- [  restartedMain] i.StatisticalLoggingSessionEventListener : Session Metrics {
    0 nanoseconds spent acquiring 0 JDBC connections;
    0 nanoseconds spent releasing 0 JDBC connections;
    0 nanoseconds spent preparing 0 JDBC statements;
    0 nanoseconds spent executing 0 JDBC statements;
    0 nanoseconds spent executing 0 JDBC batches;
    0 nanoseconds spent performing 0 L2C puts;
    0 nanoseconds spent performing 0 L2C hits;
    0 nanoseconds spent performing 0 L2C misses;
    0 nanoseconds spent executing 0 flushes (flushing a total of 0 entities and 0 collections);
    0 nanoseconds spent executing 0 partial-flushes (flushing a total of 0 entities and 0 collections)
}
2026-05-14T00:42:04.349-03:00  INFO 1067516 --- [  restartedMain] i.StatisticalLoggingSessionEventListener : Session Metrics {
    0 nanoseconds spent acquiring 0 JDBC connections;
    0 nanoseconds spent releasing 0 JDBC connections;
    0 nanoseconds spent preparing 0 JDBC statements;
    0 nanoseconds spent executing 0 JDBC statements;
    0 nanoseconds spent executing 0 JDBC batches;
    0 nanoseconds spent performing 0 L2C puts;
    0 nanoseconds spent performing 0 L2C hits;
    0 nanoseconds spent performing 0 L2C misses;
    0 nanoseconds spent executing 0 flushes (flushing a total of 0 entities and 0 collections);
    0 nanoseconds spent executing 0 partial-flushes (flushing a total of 0 entities and 0 collections)
}
2026-05-14T00:42:04.350-03:00  INFO 1067516 --- [  restartedMain] i.StatisticalLoggingSessionEventListener : Session Metrics {
    0 nanoseconds spent acquiring 0 JDBC connections;
    0 nanoseconds spent releasing 0 JDBC connections;
    0 nanoseconds spent preparing 0 JDBC statements;
    0 nanoseconds spent executing 0 JDBC statements;
    0 nanoseconds spent executing 0 JDBC batches;
    0 nanoseconds spent performing 0 L2C puts;
    0 nanoseconds spent performing 0 L2C hits;
    0 nanoseconds spent performing 0 L2C misses;
    0 nanoseconds spent executing 0 flushes (flushing a total of 0 entities and 0 collections);
    0 nanoseconds spent executing 0 partial-flushes (flushing a total of 0 entities and 0 collections)
}
2026-05-14T00:42:04.351-03:00  INFO 1067516 --- [  restartedMain] i.StatisticalLoggingSessionEventListener : Session Metrics {
    0 nanoseconds spent acquiring 0 JDBC connections;
    0 nanoseconds spent releasing 0 JDBC connections;
    0 nanoseconds spent preparing 0 JDBC statements;
    0 nanoseconds spent executing 0 JDBC statements;
    0 nanoseconds spent executing 0 JDBC batches;
    0 nanoseconds spent performing 0 L2C puts;
    0 nanoseconds spent performing 0 L2C hits;
    0 nanoseconds spent performing 0 L2C misses;
    0 nanoseconds spent executing 0 flushes (flushing a total of 0 entities and 0 collections);
    0 nanoseconds spent executing 0 partial-flushes (flushing a total of 0 entities and 0 collections)
}
2026-05-14T00:42:04.354-03:00  INFO 1067516 --- [  restartedMain] i.StatisticalLoggingSessionEventListener : Session Metrics {
    0 nanoseconds spent acquiring 0 JDBC connections;
    0 nanoseconds spent releasing 0 JDBC connections;
    0 nanoseconds spent preparing 0 JDBC statements;
    0 nanoseconds spent executing 0 JDBC statements;
    0 nanoseconds spent executing 0 JDBC batches;
    0 nanoseconds spent performing 0 L2C puts;
    0 nanoseconds spent performing 0 L2C hits;
    0 nanoseconds spent performing 0 L2C misses;
    0 nanoseconds spent executing 0 flushes (flushing a total of 0 entities and 0 collections);
    0 nanoseconds spent executing 0 partial-flushes (flushing a total of 0 entities and 0 collections)
}
2026-05-14T00:42:04.355-03:00  INFO 1067516 --- [  restartedMain] i.StatisticalLoggingSessionEventListener : Session Metrics {
    0 nanoseconds spent acquiring 0 JDBC connections;
    0 nanoseconds spent releasing 0 JDBC connections;
    0 nanoseconds spent preparing 0 JDBC statements;
    0 nanoseconds spent executing 0 JDBC statements;
    0 nanoseconds spent executing 0 JDBC batches;
    0 nanoseconds spent performing 0 L2C puts;
    0 nanoseconds spent performing 0 L2C hits;
    0 nanoseconds spent performing 0 L2C misses;
    0 nanoseconds spent executing 0 flushes (flushing a total of 0 entities and 0 collections);
    0 nanoseconds spent executing 0 partial-flushes (flushing a total of 0 entities and 0 collections)
}
2026-05-14T00:42:04.356-03:00  INFO 1067516 --- [  restartedMain] i.StatisticalLoggingSessionEventListener : Session Metrics {
    0 nanoseconds spent acquiring 0 JDBC connections;
    0 nanoseconds spent releasing 0 JDBC connections;
    0 nanoseconds spent preparing 0 JDBC statements;
    0 nanoseconds spent executing 0 JDBC statements;
    0 nanoseconds spent executing 0 JDBC batches;
    0 nanoseconds spent performing 0 L2C puts;
    0 nanoseconds spent performing 0 L2C hits;
    0 nanoseconds spent performing 0 L2C misses;
    0 nanoseconds spent executing 0 flushes (flushing a total of 0 entities and 0 collections);
    0 nanoseconds spent executing 0 partial-flushes (flushing a total of 0 entities and 0 collections)
}
2026-05-14T00:42:04.364-03:00  INFO 1067516 --- [  restartedMain] i.StatisticalLoggingSessionEventListener : Session Metrics {
    0 nanoseconds spent acquiring 0 JDBC connections;
    0 nanoseconds spent releasing 0 JDBC connections;
    0 nanoseconds spent preparing 0 JDBC statements;
    0 nanoseconds spent executing 0 JDBC statements;
    0 nanoseconds spent executing 0 JDBC batches;
    0 nanoseconds spent performing 0 L2C puts;
    0 nanoseconds spent performing 0 L2C hits;
    0 nanoseconds spent performing 0 L2C misses;
    0 nanoseconds spent executing 0 flushes (flushing a total of 0 entities and 0 collections);
    0 nanoseconds spent executing 0 partial-flushes (flushing a total of 0 entities and 0 collections)
}
2026-05-14T00:42:04.365-03:00  INFO 1067516 --- [  restartedMain] i.StatisticalLoggingSessionEventListener : Session Metrics {
    0 nanoseconds spent acquiring 0 JDBC connections;
    0 nanoseconds spent releasing 0 JDBC connections;
    0 nanoseconds spent preparing 0 JDBC statements;
    0 nanoseconds spent executing 0 JDBC statements;
    0 nanoseconds spent executing 0 JDBC batches;
    0 nanoseconds spent performing 0 L2C puts;
    0 nanoseconds spent performing 0 L2C hits;
    0 nanoseconds spent performing 0 L2C misses;
    0 nanoseconds spent executing 0 flushes (flushing a total of 0 entities and 0 collections);
    0 nanoseconds spent executing 0 partial-flushes (flushing a total of 0 entities and 0 collections)
}
2026-05-14T00:42:04.367-03:00  INFO 1067516 --- [  restartedMain] i.StatisticalLoggingSessionEventListener : Session Metrics {
    0 nanoseconds spent acquiring 0 JDBC connections;
    0 nanoseconds spent releasing 0 JDBC connections;
    0 nanoseconds spent preparing 0 JDBC statements;
    0 nanoseconds spent executing 0 JDBC statements;
    0 nanoseconds spent executing 0 JDBC batches;
    0 nanoseconds spent performing 0 L2C puts;
    0 nanoseconds spent performing 0 L2C hits;
    0 nanoseconds spent performing 0 L2C misses;
    0 nanoseconds spent executing 0 flushes (flushing a total of 0 entities and 0 collections);
    0 nanoseconds spent executing 0 partial-flushes (flushing a total of 0 entities and 0 collections)
}
2026-05-14T00:42:04.367-03:00  INFO 1067516 --- [  restartedMain] i.StatisticalLoggingSessionEventListener : Session Metrics {
    0 nanoseconds spent acquiring 0 JDBC connections;
    0 nanoseconds spent releasing 0 JDBC connections;
    0 nanoseconds spent preparing 0 JDBC statements;
    0 nanoseconds spent executing 0 JDBC statements;
    0 nanoseconds spent executing 0 JDBC batches;
    0 nanoseconds spent performing 0 L2C puts;
    0 nanoseconds spent performing 0 L2C hits;
    0 nanoseconds spent performing 0 L2C misses;
    0 nanoseconds spent executing 0 flushes (flushing a total of 0 entities and 0 collections);
    0 nanoseconds spent executing 0 partial-flushes (flushing a total of 0 entities and 0 collections)
}
2026-05-14T00:42:04.369-03:00  INFO 1067516 --- [  restartedMain] i.StatisticalLoggingSessionEventListener : Session Metrics {
    0 nanoseconds spent acquiring 0 JDBC connections;
    0 nanoseconds spent releasing 0 JDBC connections;
    0 nanoseconds spent preparing 0 JDBC statements;
    0 nanoseconds spent executing 0 JDBC statements;
    0 nanoseconds spent executing 0 JDBC batches;
    0 nanoseconds spent performing 0 L2C puts;
    0 nanoseconds spent performing 0 L2C hits;
    0 nanoseconds spent performing 0 L2C misses;
    0 nanoseconds spent executing 0 flushes (flushing a total of 0 entities and 0 collections);
    0 nanoseconds spent executing 0 partial-flushes (flushing a total of 0 entities and 0 collections)
}
2026-05-14T00:42:04.370-03:00  INFO 1067516 --- [  restartedMain] i.StatisticalLoggingSessionEventListener : Session Metrics {
    0 nanoseconds spent acquiring 0 JDBC connections;
    0 nanoseconds spent releasing 0 JDBC connections;
    0 nanoseconds spent preparing 0 JDBC statements;
    0 nanoseconds spent executing 0 JDBC statements;
    0 nanoseconds spent executing 0 JDBC batches;
    0 nanoseconds spent performing 0 L2C puts;
    0 nanoseconds spent performing 0 L2C hits;
    0 nanoseconds spent performing 0 L2C misses;
    0 nanoseconds spent executing 0 flushes (flushing a total of 0 entities and 0 collections);
    0 nanoseconds spent executing 0 partial-flushes (flushing a total of 0 entities and 0 collections)
}
2026-05-14T00:42:04.370-03:00  INFO 1067516 --- [  restartedMain] i.StatisticalLoggingSessionEventListener : Session Metrics {
    0 nanoseconds spent acquiring 0 JDBC connections;
    0 nanoseconds spent releasing 0 JDBC connections;
    0 nanoseconds spent preparing 0 JDBC statements;
    0 nanoseconds spent executing 0 JDBC statements;
    0 nanoseconds spent executing 0 JDBC batches;
    0 nanoseconds spent performing 0 L2C puts;
    0 nanoseconds spent performing 0 L2C hits;
    0 nanoseconds spent performing 0 L2C misses;
    0 nanoseconds spent executing 0 flushes (flushing a total of 0 entities and 0 collections);
    0 nanoseconds spent executing 0 partial-flushes (flushing a total of 0 entities and 0 collections)
}
2026-05-14T00:42:04.370-03:00  INFO 1067516 --- [  restartedMain] i.StatisticalLoggingSessionEventListener : Session Metrics {
    0 nanoseconds spent acquiring 0 JDBC connections;
    0 nanoseconds spent releasing 0 JDBC connections;
    0 nanoseconds spent preparing 0 JDBC statements;
    0 nanoseconds spent executing 0 JDBC statements;
    0 nanoseconds spent executing 0 JDBC batches;
    0 nanoseconds spent performing 0 L2C puts;
    0 nanoseconds spent performing 0 L2C hits;
    0 nanoseconds spent performing 0 L2C misses;
    0 nanoseconds spent executing 0 flushes (flushing a total of 0 entities and 0 collections);
    0 nanoseconds spent executing 0 partial-flushes (flushing a total of 0 entities and 0 collections)
}
2026-05-14T00:42:04.371-03:00  INFO 1067516 --- [  restartedMain] i.StatisticalLoggingSessionEventListener : Session Metrics {
    0 nanoseconds spent acquiring 0 JDBC connections;
    0 nanoseconds spent releasing 0 JDBC connections;
    0 nanoseconds spent preparing 0 JDBC statements;
    0 nanoseconds spent executing 0 JDBC statements;
    0 nanoseconds spent executing 0 JDBC batches;
    0 nanoseconds spent performing 0 L2C puts;
    0 nanoseconds spent performing 0 L2C hits;
    0 nanoseconds spent performing 0 L2C misses;
    0 nanoseconds spent executing 0 flushes (flushing a total of 0 entities and 0 collections);
    0 nanoseconds spent executing 0 partial-flushes (flushing a total of 0 entities and 0 collections)
}
2026-05-14T00:42:04.371-03:00  INFO 1067516 --- [  restartedMain] i.StatisticalLoggingSessionEventListener : Session Metrics {
    0 nanoseconds spent acquiring 0 JDBC connections;
    0 nanoseconds spent releasing 0 JDBC connections;
    0 nanoseconds spent preparing 0 JDBC statements;
    0 nanoseconds spent executing 0 JDBC statements;
    0 nanoseconds spent executing 0 JDBC batches;
    0 nanoseconds spent performing 0 L2C puts;
    0 nanoseconds spent performing 0 L2C hits;
    0 nanoseconds spent performing 0 L2C misses;
    0 nanoseconds spent executing 0 flushes (flushing a total of 0 entities and 0 collections);
    0 nanoseconds spent executing 0 partial-flushes (flushing a total of 0 entities and 0 collections)
}
2026-05-14T00:42:04.375-03:00  INFO 1067516 --- [  restartedMain] i.StatisticalLoggingSessionEventListener : Session Metrics {
    0 nanoseconds spent acquiring 0 JDBC connections;
    0 nanoseconds spent releasing 0 JDBC connections;
    0 nanoseconds spent preparing 0 JDBC statements;
    0 nanoseconds spent executing 0 JDBC statements;
    0 nanoseconds spent executing 0 JDBC batches;
    0 nanoseconds spent performing 0 L2C puts;
    0 nanoseconds spent performing 0 L2C hits;
    0 nanoseconds spent performing 0 L2C misses;
    0 nanoseconds spent executing 0 flushes (flushing a total of 0 entities and 0 collections);
    0 nanoseconds spent executing 0 partial-flushes (flushing a total of 0 entities and 0 collections)
}
2026-05-14T00:42:04.376-03:00  INFO 1067516 --- [  restartedMain] i.StatisticalLoggingSessionEventListener : Session Metrics {
    0 nanoseconds spent acquiring 0 JDBC connections;
    0 nanoseconds spent releasing 0 JDBC connections;
    0 nanoseconds spent preparing 0 JDBC statements;
    0 nanoseconds spent executing 0 JDBC statements;
    0 nanoseconds spent executing 0 JDBC batches;
    0 nanoseconds spent performing 0 L2C puts;
    0 nanoseconds spent performing 0 L2C hits;
    0 nanoseconds spent performing 0 L2C misses;
    0 nanoseconds spent executing 0 flushes (flushing a total of 0 entities and 0 collections);
    0 nanoseconds spent executing 0 partial-flushes (flushing a total of 0 entities and 0 collections)
}
2026-05-14T00:42:04.376-03:00  INFO 1067516 --- [  restartedMain] i.StatisticalLoggingSessionEventListener : Session Metrics {
    0 nanoseconds spent acquiring 0 JDBC connections;
    0 nanoseconds spent releasing 0 JDBC connections;
    0 nanoseconds spent preparing 0 JDBC statements;
    0 nanoseconds spent executing 0 JDBC statements;
    0 nanoseconds spent executing 0 JDBC batches;
    0 nanoseconds spent performing 0 L2C puts;
    0 nanoseconds spent performing 0 L2C hits;
    0 nanoseconds spent performing 0 L2C misses;
    0 nanoseconds spent executing 0 flushes (flushing a total of 0 entities and 0 collections);
    0 nanoseconds spent executing 0 partial-flushes (flushing a total of 0 entities and 0 collections)
}
2026-05-14T00:42:04.377-03:00  INFO 1067516 --- [  restartedMain] i.StatisticalLoggingSessionEventListener : Session Metrics {
    0 nanoseconds spent acquiring 0 JDBC connections;
    0 nanoseconds spent releasing 0 JDBC connections;
    0 nanoseconds spent preparing 0 JDBC statements;
    0 nanoseconds spent executing 0 JDBC statements;
    0 nanoseconds spent executing 0 JDBC batches;
    0 nanoseconds spent performing 0 L2C puts;
    0 nanoseconds spent performing 0 L2C hits;
    0 nanoseconds spent performing 0 L2C misses;
    0 nanoseconds spent executing 0 flushes (flushing a total of 0 entities and 0 collections);
    0 nanoseconds spent executing 0 partial-flushes (flushing a total of 0 entities and 0 collections)
}
2026-05-14T00:42:04.378-03:00  INFO 1067516 --- [  restartedMain] i.StatisticalLoggingSessionEventListener : Session Metrics {
    0 nanoseconds spent acquiring 0 JDBC connections;
    0 nanoseconds spent releasing 0 JDBC connections;
    0 nanoseconds spent preparing 0 JDBC statements;
    0 nanoseconds spent executing 0 JDBC statements;
    0 nanoseconds spent executing 0 JDBC batches;
    0 nanoseconds spent performing 0 L2C puts;
    0 nanoseconds spent performing 0 L2C hits;
    0 nanoseconds spent performing 0 L2C misses;
    0 nanoseconds spent executing 0 flushes (flushing a total of 0 entities and 0 collections);
    0 nanoseconds spent executing 0 partial-flushes (flushing a total of 0 entities and 0 collections)
}
2026-05-14T00:42:04.378-03:00  INFO 1067516 --- [  restartedMain] i.StatisticalLoggingSessionEventListener : Session Metrics {
    0 nanoseconds spent acquiring 0 JDBC connections;
    0 nanoseconds spent releasing 0 JDBC connections;
    0 nanoseconds spent preparing 0 JDBC statements;
    0 nanoseconds spent executing 0 JDBC statements;
    0 nanoseconds spent executing 0 JDBC batches;
    0 nanoseconds spent performing 0 L2C puts;
    0 nanoseconds spent performing 0 L2C hits;
    0 nanoseconds spent performing 0 L2C misses;
    0 nanoseconds spent executing 0 flushes (flushing a total of 0 entities and 0 collections);
    0 nanoseconds spent executing 0 partial-flushes (flushing a total of 0 entities and 0 collections)
}
2026-05-14T00:42:04.379-03:00  INFO 1067516 --- [  restartedMain] i.StatisticalLoggingSessionEventListener : Session Metrics {
    0 nanoseconds spent acquiring 0 JDBC connections;
    0 nanoseconds spent releasing 0 JDBC connections;
    0 nanoseconds spent preparing 0 JDBC statements;
    0 nanoseconds spent executing 0 JDBC statements;
    0 nanoseconds spent executing 0 JDBC batches;
    0 nanoseconds spent performing 0 L2C puts;
    0 nanoseconds spent performing 0 L2C hits;
    0 nanoseconds spent performing 0 L2C misses;
    0 nanoseconds spent executing 0 flushes (flushing a total of 0 entities and 0 collections);
    0 nanoseconds spent executing 0 partial-flushes (flushing a total of 0 entities and 0 collections)
}
2026-05-14T00:42:04.379-03:00  INFO 1067516 --- [  restartedMain] i.StatisticalLoggingSessionEventListener : Session Metrics {
    0 nanoseconds spent acquiring 0 JDBC connections;
    0 nanoseconds spent releasing 0 JDBC connections;
    0 nanoseconds spent preparing 0 JDBC statements;
    0 nanoseconds spent executing 0 JDBC statements;
    0 nanoseconds spent executing 0 JDBC batches;
    0 nanoseconds spent performing 0 L2C puts;
    0 nanoseconds spent performing 0 L2C hits;
    0 nanoseconds spent performing 0 L2C misses;
    0 nanoseconds spent executing 0 flushes (flushing a total of 0 entities and 0 collections);
    0 nanoseconds spent executing 0 partial-flushes (flushing a total of 0 entities and 0 collections)
}
2026-05-14T00:42:04.380-03:00  INFO 1067516 --- [  restartedMain] i.StatisticalLoggingSessionEventListener : Session Metrics {
    0 nanoseconds spent acquiring 0 JDBC connections;
    0 nanoseconds spent releasing 0 JDBC connections;
    0 nanoseconds spent preparing 0 JDBC statements;
    0 nanoseconds spent executing 0 JDBC statements;
    0 nanoseconds spent executing 0 JDBC batches;
    0 nanoseconds spent performing 0 L2C puts;
    0 nanoseconds spent performing 0 L2C hits;
    0 nanoseconds spent performing 0 L2C misses;
    0 nanoseconds spent executing 0 flushes (flushing a total of 0 entities and 0 collections);
    0 nanoseconds spent executing 0 partial-flushes (flushing a total of 0 entities and 0 collections)
}
2026-05-14T00:42:04.380-03:00  INFO 1067516 --- [  restartedMain] i.StatisticalLoggingSessionEventListener : Session Metrics {
    0 nanoseconds spent acquiring 0 JDBC connections;
    0 nanoseconds spent releasing 0 JDBC connections;
    0 nanoseconds spent preparing 0 JDBC statements;
    0 nanoseconds spent executing 0 JDBC statements;
    0 nanoseconds spent executing 0 JDBC batches;
    0 nanoseconds spent performing 0 L2C puts;
    0 nanoseconds spent performing 0 L2C hits;
    0 nanoseconds spent performing 0 L2C misses;
    0 nanoseconds spent executing 0 flushes (flushing a total of 0 entities and 0 collections);
    0 nanoseconds spent executing 0 partial-flushes (flushing a total of 0 entities and 0 collections)
}
2026-05-14T00:42:04.382-03:00  INFO 1067516 --- [  restartedMain] i.StatisticalLoggingSessionEventListener : Session Metrics {
    0 nanoseconds spent acquiring 0 JDBC connections;
    0 nanoseconds spent releasing 0 JDBC connections;
    0 nanoseconds spent preparing 0 JDBC statements;
    0 nanoseconds spent executing 0 JDBC statements;
    0 nanoseconds spent executing 0 JDBC batches;
    0 nanoseconds spent performing 0 L2C puts;
    0 nanoseconds spent performing 0 L2C hits;
    0 nanoseconds spent performing 0 L2C misses;
    0 nanoseconds spent executing 0 flushes (flushing a total of 0 entities and 0 collections);
    0 nanoseconds spent executing 0 partial-flushes (flushing a total of 0 entities and 0 collections)
}
2026-05-14T00:42:04.382-03:00  INFO 1067516 --- [  restartedMain] i.StatisticalLoggingSessionEventListener : Session Metrics {
    0 nanoseconds spent acquiring 0 JDBC connections;
    0 nanoseconds spent releasing 0 JDBC connections;
    0 nanoseconds spent preparing 0 JDBC statements;
    0 nanoseconds spent executing 0 JDBC statements;
    0 nanoseconds spent executing 0 JDBC batches;
    0 nanoseconds spent performing 0 L2C puts;
    0 nanoseconds spent performing 0 L2C hits;
    0 nanoseconds spent performing 0 L2C misses;
    0 nanoseconds spent executing 0 flushes (flushing a total of 0 entities and 0 collections);
    0 nanoseconds spent executing 0 partial-flushes (flushing a total of 0 entities and 0 collections)
}
2026-05-14T00:42:04.383-03:00  INFO 1067516 --- [  restartedMain] i.StatisticalLoggingSessionEventListener : Session Metrics {
    0 nanoseconds spent acquiring 0 JDBC connections;
    0 nanoseconds spent releasing 0 JDBC connections;
    0 nanoseconds spent preparing 0 JDBC statements;
    0 nanoseconds spent executing 0 JDBC statements;
    0 nanoseconds spent executing 0 JDBC batches;
    0 nanoseconds spent performing 0 L2C puts;
    0 nanoseconds spent performing 0 L2C hits;
    0 nanoseconds spent performing 0 L2C misses;
    0 nanoseconds spent executing 0 flushes (flushing a total of 0 entities and 0 collections);
    0 nanoseconds spent executing 0 partial-flushes (flushing a total of 0 entities and 0 collections)
}
2026-05-14T00:42:04.383-03:00  INFO 1067516 --- [  restartedMain] i.StatisticalLoggingSessionEventListener : Session Metrics {
    0 nanoseconds spent acquiring 0 JDBC connections;
    0 nanoseconds spent releasing 0 JDBC connections;
    0 nanoseconds spent preparing 0 JDBC statements;
    0 nanoseconds spent executing 0 JDBC statements;
    0 nanoseconds spent executing 0 JDBC batches;
    0 nanoseconds spent performing 0 L2C puts;
    0 nanoseconds spent performing 0 L2C hits;
    0 nanoseconds spent performing 0 L2C misses;
    0 nanoseconds spent executing 0 flushes (flushing a total of 0 entities and 0 collections);
    0 nanoseconds spent executing 0 partial-flushes (flushing a total of 0 entities and 0 collections)
}
2026-05-14T00:42:04.384-03:00  INFO 1067516 --- [  restartedMain] i.StatisticalLoggingSessionEventListener : Session Metrics {
    0 nanoseconds spent acquiring 0 JDBC connections;
    0 nanoseconds spent releasing 0 JDBC connections;
    0 nanoseconds spent preparing 0 JDBC statements;
    0 nanoseconds spent executing 0 JDBC statements;
    0 nanoseconds spent executing 0 JDBC batches;
    0 nanoseconds spent performing 0 L2C puts;
    0 nanoseconds spent performing 0 L2C hits;
    0 nanoseconds spent performing 0 L2C misses;
    0 nanoseconds spent executing 0 flushes (flushing a total of 0 entities and 0 collections);
    0 nanoseconds spent executing 0 partial-flushes (flushing a total of 0 entities and 0 collections)
}
2026-05-14T00:42:04.384-03:00  INFO 1067516 --- [  restartedMain] i.StatisticalLoggingSessionEventListener : Session Metrics {
    0 nanoseconds spent acquiring 0 JDBC connections;
    0 nanoseconds spent releasing 0 JDBC connections;
    0 nanoseconds spent preparing 0 JDBC statements;
    0 nanoseconds spent executing 0 JDBC statements;
    0 nanoseconds spent executing 0 JDBC batches;
    0 nanoseconds spent performing 0 L2C puts;
    0 nanoseconds spent performing 0 L2C hits;
    0 nanoseconds spent performing 0 L2C misses;
    0 nanoseconds spent executing 0 flushes (flushing a total of 0 entities and 0 collections);
    0 nanoseconds spent executing 0 partial-flushes (flushing a total of 0 entities and 0 collections)
}
2026-05-14T00:42:04.392-03:00  INFO 1067516 --- [  restartedMain] i.StatisticalLoggingSessionEventListener : Session Metrics {
    0 nanoseconds spent acquiring 0 JDBC connections;
    0 nanoseconds spent releasing 0 JDBC connections;
    0 nanoseconds spent preparing 0 JDBC statements;
    0 nanoseconds spent executing 0 JDBC statements;
    0 nanoseconds spent executing 0 JDBC batches;
    0 nanoseconds spent performing 0 L2C puts;
    0 nanoseconds spent performing 0 L2C hits;
    0 nanoseconds spent performing 0 L2C misses;
    0 nanoseconds spent executing 0 flushes (flushing a total of 0 entities and 0 collections);
    0 nanoseconds spent executing 0 partial-flushes (flushing a total of 0 entities and 0 collections)
}
2026-05-14T00:42:04.392-03:00  INFO 1067516 --- [  restartedMain] i.StatisticalLoggingSessionEventListener : Session Metrics {
    0 nanoseconds spent acquiring 0 JDBC connections;
    0 nanoseconds spent releasing 0 JDBC connections;
    0 nanoseconds spent preparing 0 JDBC statements;
    0 nanoseconds spent executing 0 JDBC statements;
    0 nanoseconds spent executing 0 JDBC batches;
    0 nanoseconds spent performing 0 L2C puts;
    0 nanoseconds spent performing 0 L2C hits;
    0 nanoseconds spent performing 0 L2C misses;
    0 nanoseconds spent executing 0 flushes (flushing a total of 0 entities and 0 collections);
    0 nanoseconds spent executing 0 partial-flushes (flushing a total of 0 entities and 0 collections)
}
2026-05-14T00:42:04.394-03:00  INFO 1067516 --- [  restartedMain] i.StatisticalLoggingSessionEventListener : Session Metrics {
    0 nanoseconds spent acquiring 0 JDBC connections;
    0 nanoseconds spent releasing 0 JDBC connections;
    0 nanoseconds spent preparing 0 JDBC statements;
    0 nanoseconds spent executing 0 JDBC statements;
    0 nanoseconds spent executing 0 JDBC batches;
    0 nanoseconds spent performing 0 L2C puts;
    0 nanoseconds spent performing 0 L2C hits;
    0 nanoseconds spent performing 0 L2C misses;
    0 nanoseconds spent executing 0 flushes (flushing a total of 0 entities and 0 collections);
    0 nanoseconds spent executing 0 partial-flushes (flushing a total of 0 entities and 0 collections)
}
2026-05-14T00:42:04.395-03:00  INFO 1067516 --- [  restartedMain] i.StatisticalLoggingSessionEventListener : Session Metrics {
    0 nanoseconds spent acquiring 0 JDBC connections;
    0 nanoseconds spent releasing 0 JDBC connections;
    0 nanoseconds spent preparing 0 JDBC statements;
    0 nanoseconds spent executing 0 JDBC statements;
    0 nanoseconds spent executing 0 JDBC batches;
    0 nanoseconds spent performing 0 L2C puts;
    0 nanoseconds spent performing 0 L2C hits;
    0 nanoseconds spent performing 0 L2C misses;
    0 nanoseconds spent executing 0 flushes (flushing a total of 0 entities and 0 collections);
    0 nanoseconds spent executing 0 partial-flushes (flushing a total of 0 entities and 0 collections)
}
2026-05-14T00:42:04.396-03:00  INFO 1067516 --- [  restartedMain] i.StatisticalLoggingSessionEventListener : Session Metrics {
    0 nanoseconds spent acquiring 0 JDBC connections;
    0 nanoseconds spent releasing 0 JDBC connections;
    0 nanoseconds spent preparing 0 JDBC statements;
    0 nanoseconds spent executing 0 JDBC statements;
    0 nanoseconds spent executing 0 JDBC batches;
    0 nanoseconds spent performing 0 L2C puts;
    0 nanoseconds spent performing 0 L2C hits;
    0 nanoseconds spent performing 0 L2C misses;
    0 nanoseconds spent executing 0 flushes (flushing a total of 0 entities and 0 collections);
    0 nanoseconds spent executing 0 partial-flushes (flushing a total of 0 entities and 0 collections)
}
2026-05-14T00:42:04.397-03:00  INFO 1067516 --- [  restartedMain] i.StatisticalLoggingSessionEventListener : Session Metrics {
    0 nanoseconds spent acquiring 0 JDBC connections;
    0 nanoseconds spent releasing 0 JDBC connections;
    0 nanoseconds spent preparing 0 JDBC statements;
    0 nanoseconds spent executing 0 JDBC statements;
    0 nanoseconds spent executing 0 JDBC batches;
    0 nanoseconds spent performing 0 L2C puts;
    0 nanoseconds spent performing 0 L2C hits;
    0 nanoseconds spent performing 0 L2C misses;
    0 nanoseconds spent executing 0 flushes (flushing a total of 0 entities and 0 collections);
    0 nanoseconds spent executing 0 partial-flushes (flushing a total of 0 entities and 0 collections)
}
2026-05-14T00:42:04.397-03:00  INFO 1067516 --- [  restartedMain] i.StatisticalLoggingSessionEventListener : Session Metrics {
    0 nanoseconds spent acquiring 0 JDBC connections;
    0 nanoseconds spent releasing 0 JDBC connections;
    0 nanoseconds spent preparing 0 JDBC statements;
    0 nanoseconds spent executing 0 JDBC statements;
    0 nanoseconds spent executing 0 JDBC batches;
    0 nanoseconds spent performing 0 L2C puts;
    0 nanoseconds spent performing 0 L2C hits;
    0 nanoseconds spent performing 0 L2C misses;
    0 nanoseconds spent executing 0 flushes (flushing a total of 0 entities and 0 collections);
    0 nanoseconds spent executing 0 partial-flushes (flushing a total of 0 entities and 0 collections)
}
2026-05-14T00:42:04.398-03:00  INFO 1067516 --- [  restartedMain] i.StatisticalLoggingSessionEventListener : Session Metrics {
    0 nanoseconds spent acquiring 0 JDBC connections;
    0 nanoseconds spent releasing 0 JDBC connections;
    0 nanoseconds spent preparing 0 JDBC statements;
    0 nanoseconds spent executing 0 JDBC statements;
    0 nanoseconds spent executing 0 JDBC batches;
    0 nanoseconds spent performing 0 L2C puts;
    0 nanoseconds spent performing 0 L2C hits;
    0 nanoseconds spent performing 0 L2C misses;
    0 nanoseconds spent executing 0 flushes (flushing a total of 0 entities and 0 collections);
    0 nanoseconds spent executing 0 partial-flushes (flushing a total of 0 entities and 0 collections)
}
2026-05-14T00:42:04.399-03:00  INFO 1067516 --- [  restartedMain] i.StatisticalLoggingSessionEventListener : Session Metrics {
    0 nanoseconds spent acquiring 0 JDBC connections;
    0 nanoseconds spent releasing 0 JDBC connections;
    0 nanoseconds spent preparing 0 JDBC statements;
    0 nanoseconds spent executing 0 JDBC statements;
    0 nanoseconds spent executing 0 JDBC batches;
    0 nanoseconds spent performing 0 L2C puts;
    0 nanoseconds spent performing 0 L2C hits;
    0 nanoseconds spent performing 0 L2C misses;
    0 nanoseconds spent executing 0 flushes (flushing a total of 0 entities and 0 collections);
    0 nanoseconds spent executing 0 partial-flushes (flushing a total of 0 entities and 0 collections)
}
2026-05-14T00:42:04.400-03:00  INFO 1067516 --- [  restartedMain] i.StatisticalLoggingSessionEventListener : Session Metrics {
    0 nanoseconds spent acquiring 0 JDBC connections;
    0 nanoseconds spent releasing 0 JDBC connections;
    0 nanoseconds spent preparing 0 JDBC statements;
    0 nanoseconds spent executing 0 JDBC statements;
    0 nanoseconds spent executing 0 JDBC batches;
    0 nanoseconds spent performing 0 L2C puts;
    0 nanoseconds spent performing 0 L2C hits;
    0 nanoseconds spent performing 0 L2C misses;
    0 nanoseconds spent executing 0 flushes (flushing a total of 0 entities and 0 collections);
    0 nanoseconds spent executing 0 partial-flushes (flushing a total of 0 entities and 0 collections)
}
2026-05-14T00:42:04.400-03:00  INFO 1067516 --- [  restartedMain] i.StatisticalLoggingSessionEventListener : Session Metrics {
    0 nanoseconds spent acquiring 0 JDBC connections;
    0 nanoseconds spent releasing 0 JDBC connections;
    0 nanoseconds spent preparing 0 JDBC statements;
    0 nanoseconds spent executing 0 JDBC statements;
    0 nanoseconds spent executing 0 JDBC batches;
    0 nanoseconds spent performing 0 L2C puts;
    0 nanoseconds spent performing 0 L2C hits;
    0 nanoseconds spent performing 0 L2C misses;
    0 nanoseconds spent executing 0 flushes (flushing a total of 0 entities and 0 collections);
    0 nanoseconds spent executing 0 partial-flushes (flushing a total of 0 entities and 0 collections)
}
2026-05-14T00:42:04.401-03:00  INFO 1067516 --- [  restartedMain] i.StatisticalLoggingSessionEventListener : Session Metrics {
    0 nanoseconds spent acquiring 0 JDBC connections;
    0 nanoseconds spent releasing 0 JDBC connections;
    0 nanoseconds spent preparing 0 JDBC statements;
    0 nanoseconds spent executing 0 JDBC statements;
    0 nanoseconds spent executing 0 JDBC batches;
    0 nanoseconds spent performing 0 L2C puts;
    0 nanoseconds spent performing 0 L2C hits;
    0 nanoseconds spent performing 0 L2C misses;
    0 nanoseconds spent executing 0 flushes (flushing a total of 0 entities and 0 collections);
    0 nanoseconds spent executing 0 partial-flushes (flushing a total of 0 entities and 0 collections)
}
2026-05-14T00:42:04.402-03:00  INFO 1067516 --- [  restartedMain] i.StatisticalLoggingSessionEventListener : Session Metrics {
    0 nanoseconds spent acquiring 0 JDBC connections;
    0 nanoseconds spent releasing 0 JDBC connections;
    0 nanoseconds spent preparing 0 JDBC statements;
    0 nanoseconds spent executing 0 JDBC statements;
    0 nanoseconds spent executing 0 JDBC batches;
    0 nanoseconds spent performing 0 L2C puts;
    0 nanoseconds spent performing 0 L2C hits;
    0 nanoseconds spent performing 0 L2C misses;
    0 nanoseconds spent executing 0 flushes (flushing a total of 0 entities and 0 collections);
    0 nanoseconds spent executing 0 partial-flushes (flushing a total of 0 entities and 0 collections)
}
2026-05-14T00:42:04.403-03:00  INFO 1067516 --- [  restartedMain] i.StatisticalLoggingSessionEventListener : Session Metrics {
    0 nanoseconds spent acquiring 0 JDBC connections;
    0 nanoseconds spent releasing 0 JDBC connections;
    0 nanoseconds spent preparing 0 JDBC statements;
    0 nanoseconds spent executing 0 JDBC statements;
    0 nanoseconds spent executing 0 JDBC batches;
    0 nanoseconds spent performing 0 L2C puts;
    0 nanoseconds spent performing 0 L2C hits;
    0 nanoseconds spent performing 0 L2C misses;
    0 nanoseconds spent executing 0 flushes (flushing a total of 0 entities and 0 collections);
    0 nanoseconds spent executing 0 partial-flushes (flushing a total of 0 entities and 0 collections)
}
2026-05-14T00:42:04.404-03:00  INFO 1067516 --- [  restartedMain] i.StatisticalLoggingSessionEventListener : Session Metrics {
    0 nanoseconds spent acquiring 0 JDBC connections;
    0 nanoseconds spent releasing 0 JDBC connections;
    0 nanoseconds spent preparing 0 JDBC statements;
    0 nanoseconds spent executing 0 JDBC statements;
    0 nanoseconds spent executing 0 JDBC batches;
    0 nanoseconds spent performing 0 L2C puts;
    0 nanoseconds spent performing 0 L2C hits;
    0 nanoseconds spent performing 0 L2C misses;
    0 nanoseconds spent executing 0 flushes (flushing a total of 0 entities and 0 collections);
    0 nanoseconds spent executing 0 partial-flushes (flushing a total of 0 entities and 0 collections)
}
2026-05-14T00:42:04.411-03:00  INFO 1067516 --- [  restartedMain] i.StatisticalLoggingSessionEventListener : Session Metrics {
    0 nanoseconds spent acquiring 0 JDBC connections;
    0 nanoseconds spent releasing 0 JDBC connections;
    0 nanoseconds spent preparing 0 JDBC statements;
    0 nanoseconds spent executing 0 JDBC statements;
    0 nanoseconds spent executing 0 JDBC batches;
    0 nanoseconds spent performing 0 L2C puts;
    0 nanoseconds spent performing 0 L2C hits;
    0 nanoseconds spent performing 0 L2C misses;
    0 nanoseconds spent executing 0 flushes (flushing a total of 0 entities and 0 collections);
    0 nanoseconds spent executing 0 partial-flushes (flushing a total of 0 entities and 0 collections)
}
2026-05-14T00:42:04.414-03:00  INFO 1067516 --- [  restartedMain] i.StatisticalLoggingSessionEventListener : Session Metrics {
    0 nanoseconds spent acquiring 0 JDBC connections;
    0 nanoseconds spent releasing 0 JDBC connections;
    0 nanoseconds spent preparing 0 JDBC statements;
    0 nanoseconds spent executing 0 JDBC statements;
    0 nanoseconds spent executing 0 JDBC batches;
    0 nanoseconds spent performing 0 L2C puts;
    0 nanoseconds spent performing 0 L2C hits;
    0 nanoseconds spent performing 0 L2C misses;
    0 nanoseconds spent executing 0 flushes (flushing a total of 0 entities and 0 collections);
    0 nanoseconds spent executing 0 partial-flushes (flushing a total of 0 entities and 0 collections)
}
2026-05-14T00:42:04.416-03:00  INFO 1067516 --- [  restartedMain] i.StatisticalLoggingSessionEventListener : Session Metrics {
    0 nanoseconds spent acquiring 0 JDBC connections;
    0 nanoseconds spent releasing 0 JDBC connections;
    0 nanoseconds spent preparing 0 JDBC statements;
    0 nanoseconds spent executing 0 JDBC statements;
    0 nanoseconds spent executing 0 JDBC batches;
    0 nanoseconds spent performing 0 L2C puts;
    0 nanoseconds spent performing 0 L2C hits;
    0 nanoseconds spent performing 0 L2C misses;
    0 nanoseconds spent executing 0 flushes (flushing a total of 0 entities and 0 collections);
    0 nanoseconds spent executing 0 partial-flushes (flushing a total of 0 entities and 0 collections)
}
2026-05-14T00:42:04.416-03:00  INFO 1067516 --- [  restartedMain] i.StatisticalLoggingSessionEventListener : Session Metrics {
    0 nanoseconds spent acquiring 0 JDBC connections;
    0 nanoseconds spent releasing 0 JDBC connections;
    0 nanoseconds spent preparing 0 JDBC statements;
    0 nanoseconds spent executing 0 JDBC statements;
    0 nanoseconds spent executing 0 JDBC batches;
    0 nanoseconds spent performing 0 L2C puts;
    0 nanoseconds spent performing 0 L2C hits;
    0 nanoseconds spent performing 0 L2C misses;
    0 nanoseconds spent executing 0 flushes (flushing a total of 0 entities and 0 collections);
    0 nanoseconds spent executing 0 partial-flushes (flushing a total of 0 entities and 0 collections)
}
2026-05-14T00:42:04.417-03:00  INFO 1067516 --- [  restartedMain] i.StatisticalLoggingSessionEventListener : Session Metrics {
    0 nanoseconds spent acquiring 0 JDBC connections;
    0 nanoseconds spent releasing 0 JDBC connections;
    0 nanoseconds spent preparing 0 JDBC statements;
    0 nanoseconds spent executing 0 JDBC statements;
    0 nanoseconds spent executing 0 JDBC batches;
    0 nanoseconds spent performing 0 L2C puts;
    0 nanoseconds spent performing 0 L2C hits;
    0 nanoseconds spent performing 0 L2C misses;
    0 nanoseconds spent executing 0 flushes (flushing a total of 0 entities and 0 collections);
    0 nanoseconds spent executing 0 partial-flushes (flushing a total of 0 entities and 0 collections)
}
2026-05-14T00:42:04.417-03:00  INFO 1067516 --- [  restartedMain] i.StatisticalLoggingSessionEventListener : Session Metrics {
    0 nanoseconds spent acquiring 0 JDBC connections;
    0 nanoseconds spent releasing 0 JDBC connections;
    0 nanoseconds spent preparing 0 JDBC statements;
    0 nanoseconds spent executing 0 JDBC statements;
    0 nanoseconds spent executing 0 JDBC batches;
    0 nanoseconds spent performing 0 L2C puts;
    0 nanoseconds spent performing 0 L2C hits;
    0 nanoseconds spent performing 0 L2C misses;
    0 nanoseconds spent executing 0 flushes (flushing a total of 0 entities and 0 collections);
    0 nanoseconds spent executing 0 partial-flushes (flushing a total of 0 entities and 0 collections)
}
2026-05-14T00:42:04.418-03:00  INFO 1067516 --- [  restartedMain] i.StatisticalLoggingSessionEventListener : Session Metrics {
    0 nanoseconds spent acquiring 0 JDBC connections;
    0 nanoseconds spent releasing 0 JDBC connections;
    0 nanoseconds spent preparing 0 JDBC statements;
    0 nanoseconds spent executing 0 JDBC statements;
    0 nanoseconds spent executing 0 JDBC batches;
    0 nanoseconds spent performing 0 L2C puts;
    0 nanoseconds spent performing 0 L2C hits;
    0 nanoseconds spent performing 0 L2C misses;
    0 nanoseconds spent executing 0 flushes (flushing a total of 0 entities and 0 collections);
    0 nanoseconds spent executing 0 partial-flushes (flushing a total of 0 entities and 0 collections)
}
2026-05-14T00:42:04.419-03:00  INFO 1067516 --- [  restartedMain] i.StatisticalLoggingSessionEventListener : Session Metrics {
    0 nanoseconds spent acquiring 0 JDBC connections;
    0 nanoseconds spent releasing 0 JDBC connections;
    0 nanoseconds spent preparing 0 JDBC statements;
    0 nanoseconds spent executing 0 JDBC statements;
    0 nanoseconds spent executing 0 JDBC batches;
    0 nanoseconds spent performing 0 L2C puts;
    0 nanoseconds spent performing 0 L2C hits;
    0 nanoseconds spent performing 0 L2C misses;
    0 nanoseconds spent executing 0 flushes (flushing a total of 0 entities and 0 collections);
    0 nanoseconds spent executing 0 partial-flushes (flushing a total of 0 entities and 0 collections)
}
2026-05-14T00:42:04.419-03:00  INFO 1067516 --- [  restartedMain] i.StatisticalLoggingSessionEventListener : Session Metrics {
    0 nanoseconds spent acquiring 0 JDBC connections;
    0 nanoseconds spent releasing 0 JDBC connections;
    0 nanoseconds spent preparing 0 JDBC statements;
    0 nanoseconds spent executing 0 JDBC statements;
    0 nanoseconds spent executing 0 JDBC batches;
    0 nanoseconds spent performing 0 L2C puts;
    0 nanoseconds spent performing 0 L2C hits;
    0 nanoseconds spent performing 0 L2C misses;
    0 nanoseconds spent executing 0 flushes (flushing a total of 0 entities and 0 collections);
    0 nanoseconds spent executing 0 partial-flushes (flushing a total of 0 entities and 0 collections)
}
2026-05-14T00:42:04.419-03:00  INFO 1067516 --- [  restartedMain] i.StatisticalLoggingSessionEventListener : Session Metrics {
    0 nanoseconds spent acquiring 0 JDBC connections;
    0 nanoseconds spent releasing 0 JDBC connections;
    0 nanoseconds spent preparing 0 JDBC statements;
    0 nanoseconds spent executing 0 JDBC statements;
    0 nanoseconds spent executing 0 JDBC batches;
    0 nanoseconds spent performing 0 L2C puts;
    0 nanoseconds spent performing 0 L2C hits;
    0 nanoseconds spent performing 0 L2C misses;
    0 nanoseconds spent executing 0 flushes (flushing a total of 0 entities and 0 collections);
    0 nanoseconds spent executing 0 partial-flushes (flushing a total of 0 entities and 0 collections)
}
2026-05-14T00:42:04.419-03:00  INFO 1067516 --- [  restartedMain] i.StatisticalLoggingSessionEventListener : Session Metrics {
    0 nanoseconds spent acquiring 0 JDBC connections;
    0 nanoseconds spent releasing 0 JDBC connections;
    0 nanoseconds spent preparing 0 JDBC statements;
    0 nanoseconds spent executing 0 JDBC statements;
    0 nanoseconds spent executing 0 JDBC batches;
    0 nanoseconds spent performing 0 L2C puts;
    0 nanoseconds spent performing 0 L2C hits;
    0 nanoseconds spent performing 0 L2C misses;
    0 nanoseconds spent executing 0 flushes (flushing a total of 0 entities and 0 collections);
    0 nanoseconds spent executing 0 partial-flushes (flushing a total of 0 entities and 0 collections)
}
2026-05-14T00:42:04.420-03:00  INFO 1067516 --- [  restartedMain] i.StatisticalLoggingSessionEventListener : Session Metrics {
    0 nanoseconds spent acquiring 0 JDBC connections;
    0 nanoseconds spent releasing 0 JDBC connections;
    0 nanoseconds spent preparing 0 JDBC statements;
    0 nanoseconds spent executing 0 JDBC statements;
    0 nanoseconds spent executing 0 JDBC batches;
    0 nanoseconds spent performing 0 L2C puts;
    0 nanoseconds spent performing 0 L2C hits;
    0 nanoseconds spent performing 0 L2C misses;
    0 nanoseconds spent executing 0 flushes (flushing a total of 0 entities and 0 collections);
    0 nanoseconds spent executing 0 partial-flushes (flushing a total of 0 entities and 0 collections)
}
2026-05-14T00:42:04.420-03:00  INFO 1067516 --- [  restartedMain] i.StatisticalLoggingSessionEventListener : Session Metrics {
    0 nanoseconds spent acquiring 0 JDBC connections;
    0 nanoseconds spent releasing 0 JDBC connections;
    0 nanoseconds spent preparing 0 JDBC statements;
    0 nanoseconds spent executing 0 JDBC statements;
    0 nanoseconds spent executing 0 JDBC batches;
    0 nanoseconds spent performing 0 L2C puts;
    0 nanoseconds spent performing 0 L2C hits;
    0 nanoseconds spent performing 0 L2C misses;
    0 nanoseconds spent executing 0 flushes (flushing a total of 0 entities and 0 collections);
    0 nanoseconds spent executing 0 partial-flushes (flushing a total of 0 entities and 0 collections)
}
2026-05-14T00:42:04.421-03:00  INFO 1067516 --- [  restartedMain] i.StatisticalLoggingSessionEventListener : Session Metrics {
    0 nanoseconds spent acquiring 0 JDBC connections;
    0 nanoseconds spent releasing 0 JDBC connections;
    0 nanoseconds spent preparing 0 JDBC statements;
    0 nanoseconds spent executing 0 JDBC statements;
    0 nanoseconds spent executing 0 JDBC batches;
    0 nanoseconds spent performing 0 L2C puts;
    0 nanoseconds spent performing 0 L2C hits;
    0 nanoseconds spent performing 0 L2C misses;
    0 nanoseconds spent executing 0 flushes (flushing a total of 0 entities and 0 collections);
    0 nanoseconds spent executing 0 partial-flushes (flushing a total of 0 entities and 0 collections)
}
2026-05-14T00:42:04.421-03:00  INFO 1067516 --- [  restartedMain] i.StatisticalLoggingSessionEventListener : Session Metrics {
    0 nanoseconds spent acquiring 0 JDBC connections;
    0 nanoseconds spent releasing 0 JDBC connections;
    0 nanoseconds spent preparing 0 JDBC statements;
    0 nanoseconds spent executing 0 JDBC statements;
    0 nanoseconds spent executing 0 JDBC batches;
    0 nanoseconds spent performing 0 L2C puts;
    0 nanoseconds spent performing 0 L2C hits;
    0 nanoseconds spent performing 0 L2C misses;
    0 nanoseconds spent executing 0 flushes (flushing a total of 0 entities and 0 collections);
    0 nanoseconds spent executing 0 partial-flushes (flushing a total of 0 entities and 0 collections)
}
2026-05-14T00:42:04.422-03:00  INFO 1067516 --- [  restartedMain] i.StatisticalLoggingSessionEventListener : Session Metrics {
    0 nanoseconds spent acquiring 0 JDBC connections;
    0 nanoseconds spent releasing 0 JDBC connections;
    0 nanoseconds spent preparing 0 JDBC statements;
    0 nanoseconds spent executing 0 JDBC statements;
    0 nanoseconds spent executing 0 JDBC batches;
    0 nanoseconds spent performing 0 L2C puts;
    0 nanoseconds spent performing 0 L2C hits;
    0 nanoseconds spent performing 0 L2C misses;
    0 nanoseconds spent executing 0 flushes (flushing a total of 0 entities and 0 collections);
    0 nanoseconds spent executing 0 partial-flushes (flushing a total of 0 entities and 0 collections)
}
2026-05-14T00:42:04.422-03:00  INFO 1067516 --- [  restartedMain] i.StatisticalLoggingSessionEventListener : Session Metrics {
    0 nanoseconds spent acquiring 0 JDBC connections;
    0 nanoseconds spent releasing 0 JDBC connections;
    0 nanoseconds spent preparing 0 JDBC statements;
    0 nanoseconds spent executing 0 JDBC statements;
    0 nanoseconds spent executing 0 JDBC batches;
    0 nanoseconds spent performing 0 L2C puts;
    0 nanoseconds spent performing 0 L2C hits;
    0 nanoseconds spent performing 0 L2C misses;
    0 nanoseconds spent executing 0 flushes (flushing a total of 0 entities and 0 collections);
    0 nanoseconds spent executing 0 partial-flushes (flushing a total of 0 entities and 0 collections)
}
2026-05-14T00:42:04.425-03:00  INFO 1067516 --- [  restartedMain] i.StatisticalLoggingSessionEventListener : Session Metrics {
    0 nanoseconds spent acquiring 0 JDBC connections;
    0 nanoseconds spent releasing 0 JDBC connections;
    0 nanoseconds spent preparing 0 JDBC statements;
    0 nanoseconds spent executing 0 JDBC statements;
    0 nanoseconds spent executing 0 JDBC batches;
    0 nanoseconds spent performing 0 L2C puts;
    0 nanoseconds spent performing 0 L2C hits;
    0 nanoseconds spent performing 0 L2C misses;
    0 nanoseconds spent executing 0 flushes (flushing a total of 0 entities and 0 collections);
    0 nanoseconds spent executing 0 partial-flushes (flushing a total of 0 entities and 0 collections)
}
2026-05-14T00:42:04.425-03:00  INFO 1067516 --- [  restartedMain] i.StatisticalLoggingSessionEventListener : Session Metrics {
    0 nanoseconds spent acquiring 0 JDBC connections;
    0 nanoseconds spent releasing 0 JDBC connections;
    0 nanoseconds spent preparing 0 JDBC statements;
    0 nanoseconds spent executing 0 JDBC statements;
    0 nanoseconds spent executing 0 JDBC batches;
    0 nanoseconds spent performing 0 L2C puts;
    0 nanoseconds spent performing 0 L2C hits;
    0 nanoseconds spent performing 0 L2C misses;
    0 nanoseconds spent executing 0 flushes (flushing a total of 0 entities and 0 collections);
    0 nanoseconds spent executing 0 partial-flushes (flushing a total of 0 entities and 0 collections)
}
2026-05-14T00:42:04.433-03:00  INFO 1067516 --- [  restartedMain] i.StatisticalLoggingSessionEventListener : Session Metrics {
    0 nanoseconds spent acquiring 0 JDBC connections;
    0 nanoseconds spent releasing 0 JDBC connections;
    0 nanoseconds spent preparing 0 JDBC statements;
    0 nanoseconds spent executing 0 JDBC statements;
    0 nanoseconds spent executing 0 JDBC batches;
    0 nanoseconds spent performing 0 L2C puts;
    0 nanoseconds spent performing 0 L2C hits;
    0 nanoseconds spent performing 0 L2C misses;
    0 nanoseconds spent executing 0 flushes (flushing a total of 0 entities and 0 collections);
    0 nanoseconds spent executing 0 partial-flushes (flushing a total of 0 entities and 0 collections)
}
2026-05-14T00:42:04.434-03:00  INFO 1067516 --- [  restartedMain] i.StatisticalLoggingSessionEventListener : Session Metrics {
    0 nanoseconds spent acquiring 0 JDBC connections;
    0 nanoseconds spent releasing 0 JDBC connections;
    0 nanoseconds spent preparing 0 JDBC statements;
    0 nanoseconds spent executing 0 JDBC statements;
    0 nanoseconds spent executing 0 JDBC batches;
    0 nanoseconds spent performing 0 L2C puts;
    0 nanoseconds spent performing 0 L2C hits;
    0 nanoseconds spent performing 0 L2C misses;
    0 nanoseconds spent executing 0 flushes (flushing a total of 0 entities and 0 collections);
    0 nanoseconds spent executing 0 partial-flushes (flushing a total of 0 entities and 0 collections)
}
2026-05-14T00:42:04.434-03:00  INFO 1067516 --- [  restartedMain] i.StatisticalLoggingSessionEventListener : Session Metrics {
    0 nanoseconds spent acquiring 0 JDBC connections;
    0 nanoseconds spent releasing 0 JDBC connections;
    0 nanoseconds spent preparing 0 JDBC statements;
    0 nanoseconds spent executing 0 JDBC statements;
    0 nanoseconds spent executing 0 JDBC batches;
    0 nanoseconds spent performing 0 L2C puts;
    0 nanoseconds spent performing 0 L2C hits;
    0 nanoseconds spent performing 0 L2C misses;
    0 nanoseconds spent executing 0 flushes (flushing a total of 0 entities and 0 collections);
    0 nanoseconds spent executing 0 partial-flushes (flushing a total of 0 entities and 0 collections)
}
2026-05-14T00:42:04.435-03:00  INFO 1067516 --- [  restartedMain] i.StatisticalLoggingSessionEventListener : Session Metrics {
    0 nanoseconds spent acquiring 0 JDBC connections;
    0 nanoseconds spent releasing 0 JDBC connections;
    0 nanoseconds spent preparing 0 JDBC statements;
    0 nanoseconds spent executing 0 JDBC statements;
    0 nanoseconds spent executing 0 JDBC batches;
    0 nanoseconds spent performing 0 L2C puts;
    0 nanoseconds spent performing 0 L2C hits;
    0 nanoseconds spent performing 0 L2C misses;
    0 nanoseconds spent executing 0 flushes (flushing a total of 0 entities and 0 collections);
    0 nanoseconds spent executing 0 partial-flushes (flushing a total of 0 entities and 0 collections)
}
2026-05-14T00:42:04.436-03:00  INFO 1067516 --- [  restartedMain] i.StatisticalLoggingSessionEventListener : Session Metrics {
    0 nanoseconds spent acquiring 0 JDBC connections;
    0 nanoseconds spent releasing 0 JDBC connections;
    0 nanoseconds spent preparing 0 JDBC statements;
    0 nanoseconds spent executing 0 JDBC statements;
    0 nanoseconds spent executing 0 JDBC batches;
    0 nanoseconds spent performing 0 L2C puts;
    0 nanoseconds spent performing 0 L2C hits;
    0 nanoseconds spent performing 0 L2C misses;
    0 nanoseconds spent executing 0 flushes (flushing a total of 0 entities and 0 collections);
    0 nanoseconds spent executing 0 partial-flushes (flushing a total of 0 entities and 0 collections)
}
2026-05-14T00:42:04.436-03:00  INFO 1067516 --- [  restartedMain] i.StatisticalLoggingSessionEventListener : Session Metrics {
    0 nanoseconds spent acquiring 0 JDBC connections;
    0 nanoseconds spent releasing 0 JDBC connections;
    0 nanoseconds spent preparing 0 JDBC statements;
    0 nanoseconds spent executing 0 JDBC statements;
    0 nanoseconds spent executing 0 JDBC batches;
    0 nanoseconds spent performing 0 L2C puts;
    0 nanoseconds spent performing 0 L2C hits;
    0 nanoseconds spent performing 0 L2C misses;
    0 nanoseconds spent executing 0 flushes (flushing a total of 0 entities and 0 collections);
    0 nanoseconds spent executing 0 partial-flushes (flushing a total of 0 entities and 0 collections)
}
2026-05-14T00:42:04.438-03:00  INFO 1067516 --- [  restartedMain] i.StatisticalLoggingSessionEventListener : Session Metrics {
    0 nanoseconds spent acquiring 0 JDBC connections;
    0 nanoseconds spent releasing 0 JDBC connections;
    0 nanoseconds spent preparing 0 JDBC statements;
    0 nanoseconds spent executing 0 JDBC statements;
    0 nanoseconds spent executing 0 JDBC batches;
    0 nanoseconds spent performing 0 L2C puts;
    0 nanoseconds spent performing 0 L2C hits;
    0 nanoseconds spent performing 0 L2C misses;
    0 nanoseconds spent executing 0 flushes (flushing a total of 0 entities and 0 collections);
    0 nanoseconds spent executing 0 partial-flushes (flushing a total of 0 entities and 0 collections)
}
2026-05-14T00:42:04.438-03:00  INFO 1067516 --- [  restartedMain] i.StatisticalLoggingSessionEventListener : Session Metrics {
    0 nanoseconds spent acquiring 0 JDBC connections;
    0 nanoseconds spent releasing 0 JDBC connections;
    0 nanoseconds spent preparing 0 JDBC statements;
    0 nanoseconds spent executing 0 JDBC statements;
    0 nanoseconds spent executing 0 JDBC batches;
    0 nanoseconds spent performing 0 L2C puts;
    0 nanoseconds spent performing 0 L2C hits;
    0 nanoseconds spent performing 0 L2C misses;
    0 nanoseconds spent executing 0 flushes (flushing a total of 0 entities and 0 collections);
    0 nanoseconds spent executing 0 partial-flushes (flushing a total of 0 entities and 0 collections)
}
2026-05-14T00:42:04.439-03:00  INFO 1067516 --- [  restartedMain] i.StatisticalLoggingSessionEventListener : Session Metrics {
    0 nanoseconds spent acquiring 0 JDBC connections;
    0 nanoseconds spent releasing 0 JDBC connections;
    0 nanoseconds spent preparing 0 JDBC statements;
    0 nanoseconds spent executing 0 JDBC statements;
    0 nanoseconds spent executing 0 JDBC batches;
    0 nanoseconds spent performing 0 L2C puts;
    0 nanoseconds spent performing 0 L2C hits;
    0 nanoseconds spent performing 0 L2C misses;
    0 nanoseconds spent executing 0 flushes (flushing a total of 0 entities and 0 collections);
    0 nanoseconds spent executing 0 partial-flushes (flushing a total of 0 entities and 0 collections)
}
2026-05-14T00:42:04.446-03:00  INFO 1067516 --- [  restartedMain] i.StatisticalLoggingSessionEventListener : Session Metrics {
    0 nanoseconds spent acquiring 0 JDBC connections;
    0 nanoseconds spent releasing 0 JDBC connections;
    0 nanoseconds spent preparing 0 JDBC statements;
    0 nanoseconds spent executing 0 JDBC statements;
    0 nanoseconds spent executing 0 JDBC batches;
    0 nanoseconds spent performing 0 L2C puts;
    0 nanoseconds spent performing 0 L2C hits;
    0 nanoseconds spent performing 0 L2C misses;
    0 nanoseconds spent executing 0 flushes (flushing a total of 0 entities and 0 collections);
    0 nanoseconds spent executing 0 partial-flushes (flushing a total of 0 entities and 0 collections)
}
2026-05-14T00:42:04.447-03:00  INFO 1067516 --- [  restartedMain] i.StatisticalLoggingSessionEventListener : Session Metrics {
    0 nanoseconds spent acquiring 0 JDBC connections;
    0 nanoseconds spent releasing 0 JDBC connections;
    0 nanoseconds spent preparing 0 JDBC statements;
    0 nanoseconds spent executing 0 JDBC statements;
    0 nanoseconds spent executing 0 JDBC batches;
    0 nanoseconds spent performing 0 L2C puts;
    0 nanoseconds spent performing 0 L2C hits;
    0 nanoseconds spent performing 0 L2C misses;
    0 nanoseconds spent executing 0 flushes (flushing a total of 0 entities and 0 collections);
    0 nanoseconds spent executing 0 partial-flushes (flushing a total of 0 entities and 0 collections)
}
2026-05-14T00:42:04.448-03:00  INFO 1067516 --- [  restartedMain] i.StatisticalLoggingSessionEventListener : Session Metrics {
    0 nanoseconds spent acquiring 0 JDBC connections;
    0 nanoseconds spent releasing 0 JDBC connections;
    0 nanoseconds spent preparing 0 JDBC statements;
    0 nanoseconds spent executing 0 JDBC statements;
    0 nanoseconds spent executing 0 JDBC batches;
    0 nanoseconds spent performing 0 L2C puts;
    0 nanoseconds spent performing 0 L2C hits;
    0 nanoseconds spent performing 0 L2C misses;
    0 nanoseconds spent executing 0 flushes (flushing a total of 0 entities and 0 collections);
    0 nanoseconds spent executing 0 partial-flushes (flushing a total of 0 entities and 0 collections)
}
2026-05-14T00:42:04.448-03:00  INFO 1067516 --- [  restartedMain] i.StatisticalLoggingSessionEventListener : Session Metrics {
    0 nanoseconds spent acquiring 0 JDBC connections;
    0 nanoseconds spent releasing 0 JDBC connections;
    0 nanoseconds spent preparing 0 JDBC statements;
    0 nanoseconds spent executing 0 JDBC statements;
    0 nanoseconds spent executing 0 JDBC batches;
    0 nanoseconds spent performing 0 L2C puts;
    0 nanoseconds spent performing 0 L2C hits;
    0 nanoseconds spent performing 0 L2C misses;
    0 nanoseconds spent executing 0 flushes (flushing a total of 0 entities and 0 collections);
    0 nanoseconds spent executing 0 partial-flushes (flushing a total of 0 entities and 0 collections)
}
2026-05-14T00:42:04.449-03:00  INFO 1067516 --- [  restartedMain] i.StatisticalLoggingSessionEventListener : Session Metrics {
    0 nanoseconds spent acquiring 0 JDBC connections;
    0 nanoseconds spent releasing 0 JDBC connections;
    0 nanoseconds spent preparing 0 JDBC statements;
    0 nanoseconds spent executing 0 JDBC statements;
    0 nanoseconds spent executing 0 JDBC batches;
    0 nanoseconds spent performing 0 L2C puts;
    0 nanoseconds spent performing 0 L2C hits;
    0 nanoseconds spent performing 0 L2C misses;
    0 nanoseconds spent executing 0 flushes (flushing a total of 0 entities and 0 collections);
    0 nanoseconds spent executing 0 partial-flushes (flushing a total of 0 entities and 0 collections)
}
2026-05-14T00:42:04.449-03:00  INFO 1067516 --- [  restartedMain] i.StatisticalLoggingSessionEventListener : Session Metrics {
    0 nanoseconds spent acquiring 0 JDBC connections;
    0 nanoseconds spent releasing 0 JDBC connections;
    0 nanoseconds spent preparing 0 JDBC statements;
    0 nanoseconds spent executing 0 JDBC statements;
    0 nanoseconds spent executing 0 JDBC batches;
    0 nanoseconds spent performing 0 L2C puts;
    0 nanoseconds spent performing 0 L2C hits;
    0 nanoseconds spent performing 0 L2C misses;
    0 nanoseconds spent executing 0 flushes (flushing a total of 0 entities and 0 collections);
    0 nanoseconds spent executing 0 partial-flushes (flushing a total of 0 entities and 0 collections)
}
2026-05-14T00:42:04.474-03:00  INFO 1067516 --- [  restartedMain] i.StatisticalLoggingSessionEventListener : Session Metrics {
    0 nanoseconds spent acquiring 0 JDBC connections;
    0 nanoseconds spent releasing 0 JDBC connections;
    0 nanoseconds spent preparing 0 JDBC statements;
    0 nanoseconds spent executing 0 JDBC statements;
    0 nanoseconds spent executing 0 JDBC batches;
    0 nanoseconds spent performing 0 L2C puts;
    0 nanoseconds spent performing 0 L2C hits;
    0 nanoseconds spent performing 0 L2C misses;
    0 nanoseconds spent executing 0 flushes (flushing a total of 0 entities and 0 collections);
    0 nanoseconds spent executing 0 partial-flushes (flushing a total of 0 entities and 0 collections)
}
2026-05-14T00:42:04.475-03:00  INFO 1067516 --- [  restartedMain] i.StatisticalLoggingSessionEventListener : Session Metrics {
    0 nanoseconds spent acquiring 0 JDBC connections;
    0 nanoseconds spent releasing 0 JDBC connections;
    0 nanoseconds spent preparing 0 JDBC statements;
    0 nanoseconds spent executing 0 JDBC statements;
    0 nanoseconds spent executing 0 JDBC batches;
    0 nanoseconds spent performing 0 L2C puts;
    0 nanoseconds spent performing 0 L2C hits;
    0 nanoseconds spent performing 0 L2C misses;
    0 nanoseconds spent executing 0 flushes (flushing a total of 0 entities and 0 collections);
    0 nanoseconds spent executing 0 partial-flushes (flushing a total of 0 entities and 0 collections)
}
2026-05-14T00:42:04.476-03:00  INFO 1067516 --- [  restartedMain] i.StatisticalLoggingSessionEventListener : Session Metrics {
    0 nanoseconds spent acquiring 0 JDBC connections;
    0 nanoseconds spent releasing 0 JDBC connections;
    0 nanoseconds spent preparing 0 JDBC statements;
    0 nanoseconds spent executing 0 JDBC statements;
    0 nanoseconds spent executing 0 JDBC batches;
    0 nanoseconds spent performing 0 L2C puts;
    0 nanoseconds spent performing 0 L2C hits;
    0 nanoseconds spent performing 0 L2C misses;
    0 nanoseconds spent executing 0 flushes (flushing a total of 0 entities and 0 collections);
    0 nanoseconds spent executing 0 partial-flushes (flushing a total of 0 entities and 0 collections)
}
2026-05-14T00:42:04.477-03:00  INFO 1067516 --- [  restartedMain] i.StatisticalLoggingSessionEventListener : Session Metrics {
    0 nanoseconds spent acquiring 0 JDBC connections;
    0 nanoseconds spent releasing 0 JDBC connections;
    0 nanoseconds spent preparing 0 JDBC statements;
    0 nanoseconds spent executing 0 JDBC statements;
    0 nanoseconds spent executing 0 JDBC batches;
    0 nanoseconds spent performing 0 L2C puts;
    0 nanoseconds spent performing 0 L2C hits;
    0 nanoseconds spent performing 0 L2C misses;
    0 nanoseconds spent executing 0 flushes (flushing a total of 0 entities and 0 collections);
    0 nanoseconds spent executing 0 partial-flushes (flushing a total of 0 entities and 0 collections)
}
2026-05-14T00:42:04.478-03:00  INFO 1067516 --- [  restartedMain] i.StatisticalLoggingSessionEventListener : Session Metrics {
    0 nanoseconds spent acquiring 0 JDBC connections;
    0 nanoseconds spent releasing 0 JDBC connections;
    0 nanoseconds spent preparing 0 JDBC statements;
    0 nanoseconds spent executing 0 JDBC statements;
    0 nanoseconds spent executing 0 JDBC batches;
    0 nanoseconds spent performing 0 L2C puts;
    0 nanoseconds spent performing 0 L2C hits;
    0 nanoseconds spent performing 0 L2C misses;
    0 nanoseconds spent executing 0 flushes (flushing a total of 0 entities and 0 collections);
    0 nanoseconds spent executing 0 partial-flushes (flushing a total of 0 entities and 0 collections)
}
2026-05-14T00:42:04.479-03:00  INFO 1067516 --- [  restartedMain] i.StatisticalLoggingSessionEventListener : Session Metrics {
    0 nanoseconds spent acquiring 0 JDBC connections;
    0 nanoseconds spent releasing 0 JDBC connections;
    0 nanoseconds spent preparing 0 JDBC statements;
    0 nanoseconds spent executing 0 JDBC statements;
    0 nanoseconds spent executing 0 JDBC batches;
    0 nanoseconds spent performing 0 L2C puts;
    0 nanoseconds spent performing 0 L2C hits;
    0 nanoseconds spent performing 0 L2C misses;
    0 nanoseconds spent executing 0 flushes (flushing a total of 0 entities and 0 collections);
    0 nanoseconds spent executing 0 partial-flushes (flushing a total of 0 entities and 0 collections)
}
2026-05-14T00:42:04.525-03:00  INFO 1067516 --- [  restartedMain] i.StatisticalLoggingSessionEventListener : Session Metrics {
    0 nanoseconds spent acquiring 0 JDBC connections;
    0 nanoseconds spent releasing 0 JDBC connections;
    0 nanoseconds spent preparing 0 JDBC statements;
    0 nanoseconds spent executing 0 JDBC statements;
    0 nanoseconds spent executing 0 JDBC batches;
    0 nanoseconds spent performing 0 L2C puts;
    0 nanoseconds spent performing 0 L2C hits;
    0 nanoseconds spent performing 0 L2C misses;
    0 nanoseconds spent executing 0 flushes (flushing a total of 0 entities and 0 collections);
    0 nanoseconds spent executing 0 partial-flushes (flushing a total of 0 entities and 0 collections)
}
2026-05-14T00:42:04.529-03:00  INFO 1067516 --- [  restartedMain] i.StatisticalLoggingSessionEventListener : Session Metrics {
    0 nanoseconds spent acquiring 0 JDBC connections;
    0 nanoseconds spent releasing 0 JDBC connections;
    0 nanoseconds spent preparing 0 JDBC statements;
    0 nanoseconds spent executing 0 JDBC statements;
    0 nanoseconds spent executing 0 JDBC batches;
    0 nanoseconds spent performing 0 L2C puts;
    0 nanoseconds spent performing 0 L2C hits;
    0 nanoseconds spent performing 0 L2C misses;
    0 nanoseconds spent executing 0 flushes (flushing a total of 0 entities and 0 collections);
    0 nanoseconds spent executing 0 partial-flushes (flushing a total of 0 entities and 0 collections)
}
2026-05-14T00:42:04.530-03:00  INFO 1067516 --- [  restartedMain] i.StatisticalLoggingSessionEventListener : Session Metrics {
    0 nanoseconds spent acquiring 0 JDBC connections;
    0 nanoseconds spent releasing 0 JDBC connections;
    0 nanoseconds spent preparing 0 JDBC statements;
    0 nanoseconds spent executing 0 JDBC statements;
    0 nanoseconds spent executing 0 JDBC batches;
    0 nanoseconds spent performing 0 L2C puts;
    0 nanoseconds spent performing 0 L2C hits;
    0 nanoseconds spent performing 0 L2C misses;
    0 nanoseconds spent executing 0 flushes (flushing a total of 0 entities and 0 collections);
    0 nanoseconds spent executing 0 partial-flushes (flushing a total of 0 entities and 0 collections)
}
2026-05-14T00:42:04.531-03:00  INFO 1067516 --- [  restartedMain] i.StatisticalLoggingSessionEventListener : Session Metrics {
    0 nanoseconds spent acquiring 0 JDBC connections;
    0 nanoseconds spent releasing 0 JDBC connections;
    0 nanoseconds spent preparing 0 JDBC statements;
    0 nanoseconds spent executing 0 JDBC statements;
    0 nanoseconds spent executing 0 JDBC batches;
    0 nanoseconds spent performing 0 L2C puts;
    0 nanoseconds spent performing 0 L2C hits;
    0 nanoseconds spent performing 0 L2C misses;
    0 nanoseconds spent executing 0 flushes (flushing a total of 0 entities and 0 collections);
    0 nanoseconds spent executing 0 partial-flushes (flushing a total of 0 entities and 0 collections)
}
2026-05-14T00:42:04.675-03:00  WARN 1067516 --- [  restartedMain] JpaBaseConfiguration$JpaWebConfiguration : spring.jpa.open-in-view is enabled by default. Therefore, database queries may be performed during view rendering. Explicitly configure spring.jpa.open-in-view to disable this warning
2026-05-14T00:42:05.085-03:00  WARN 1067516 --- [  restartedMain] o.s.b.d.a.OptionalLiveReloadServer       : Unable to start LiveReload server
2026-05-14T00:42:05.092-03:00  INFO 1067516 --- [  restartedMain] o.s.b.a.e.web.EndpointLinksResolver      : Exposing 1 endpoint(s) beneath base path '/actuator'
2026-05-14T00:42:05.140-03:00  WARN 1067516 --- [  restartedMain] ConfigServletWebServerApplicationContext : Exception encountered during context initialization - cancelling refresh attempt: org.springframework.context.ApplicationContextException: Failed to start bean 'webServerStartStop'
2026-05-14T00:42:05.143-03:00  INFO 1067516 --- [  restartedMain] j.LocalContainerEntityManagerFactoryBean : Closing JPA EntityManagerFactory for persistence unit 'default'
2026-05-14T00:42:05.146-03:00  INFO 1067516 --- [  restartedMain] org.ehcache.core.EhcacheManager          : Cache 'default-query-results-region' removed from EhcacheManager.
2026-05-14T00:42:05.146-03:00  INFO 1067516 --- [  restartedMain] org.ehcache.core.EhcacheManager          : Cache 'xyz.planecon.model.entity.Instance' removed from EhcacheManager.
2026-05-14T00:42:05.146-03:00  INFO 1067516 --- [  restartedMain] org.ehcache.core.EhcacheManager          : Cache 'xyz.planecon.model.entity.SocialMaterialization' removed from EhcacheManager.
2026-05-14T00:42:05.147-03:00  INFO 1067516 --- [  restartedMain] org.ehcache.core.EhcacheManager          : Cache 'xyz.planecon.model.entity.City' removed from EhcacheManager.
2026-05-14T00:42:05.147-03:00  INFO 1067516 --- [  restartedMain] org.ehcache.core.EhcacheManager          : Cache 'default-update-timestamps-region' removed from EhcacheManager.
2026-05-14T00:42:05.153-03:00  INFO 1067516 --- [  restartedMain] com.zaxxer.hikari.HikariDataSource       : HikariPool-1 - Shutdown initiated...
2026-05-14T00:42:05.160-03:00  INFO 1067516 --- [  restartedMain] com.zaxxer.hikari.HikariDataSource       : HikariPool-1 - Shutdown completed.
2026-05-14T00:42:05.173-03:00  INFO 1067516 --- [  restartedMain] .s.b.a.l.ConditionEvaluationReportLogger : 

Error starting ApplicationContext. To display the condition evaluation report re-run your application with 'debug' enabled.
2026-05-14T00:42:05.182-03:00 ERROR 1067516 --- [  restartedMain] o.s.b.d.LoggingFailureAnalysisReporter   : 

***************************
APPLICATION FAILED TO START
***************************

Description:

Web server failed to start. Port 8080 was already in use.

Action:

Identify and stop the process that's listening on port 8080 or configure this application to listen on another port.

[INFO] ------------------------------------------------------------------------
[INFO] BUILD SUCCESS
[INFO] ------------------------------------------------------------------------
[INFO] Total time:  9.224 s
[INFO] Finished at: 2026-05-14T00:42:05-03:00
[INFO] ------------------------------------------------------------------------
