[INFO] Scanning for projects...
[INFO] 
[INFO] -----------------------< xyz.planecon:planecon >------------------------
[INFO] Building planecon 0.2.4.1-alpha-SNAPSHOT
[INFO]   from pom.xml
[INFO] --------------------------------[ jar ]---------------------------------
[INFO] 
[INFO] >>> spring-boot:3.2.5:run (default-cli) > test-compile @ planecon >>>
[INFO] 
[INFO] --- resources:3.3.1:resources (default-resources) @ planecon ---
[INFO] Copying 1 resource from src/main/resources to target/classes
[INFO] Copying 138 resources from src/main/resources to target/classes
[INFO] 
[INFO] --- compiler:3.11.0:compile (default-compile) @ planecon ---
[INFO] Changes detected - recompiling the module! :source
[INFO] Compiling 102 source files with javac [debug release 17] to target/classes
[WARNING] /home/lorranluiz/planecon/src/main/java/xyz/planecon/model/entity/DemandStock.java:[40,5] Not generating equals and hashCode: A method with one of those names already exists. (Either both or none of these methods will be generated).
[WARNING] /home/lorranluiz/planecon/src/main/java/xyz/planecon/model/entity/DemandVector.java:[68,5] Not generating equals and hashCode: A method with one of those names already exists. (Either both or none of these methods will be generated).
[WARNING] /home/lorranluiz/planecon/src/main/java/xyz/planecon/model/entity/WorkersProposal.java:[87,5] Not generating equals and hashCode: A method with one of those names already exists. (Either both or none of these methods will be generated).
[INFO] /home/lorranluiz/planecon/src/main/java/xyz/planecon/config/DatabaseSeeder.java: /home/lorranluiz/planecon/src/main/java/xyz/planecon/config/DatabaseSeeder.java uses or overrides a deprecated API.
[INFO] /home/lorranluiz/planecon/src/main/java/xyz/planecon/config/DatabaseSeeder.java: Recompile with -Xlint:deprecation for details.
[INFO] 
[INFO] --- resources:3.3.1:testResources (default-testResources) @ planecon ---
[INFO] skip non existing resourceDirectory /home/lorranluiz/planecon/src/test/resources
[INFO] 
[INFO] --- compiler:3.11.0:testCompile (default-testCompile) @ planecon ---
[INFO] No sources to compile
[INFO] 
[INFO] <<< spring-boot:3.2.5:run (default-cli) < test-compile @ planecon <<<
[INFO] 
[INFO] 
[INFO] --- spring-boot:3.2.5:run (default-cli) @ planecon ---
[INFO] Attaching agents: []

  .   ____          _            __ _ _
 /\\ / ___'_ __ _ _(_)_ __  __ _ \ \ \ \
( ( )\___ | '_ | '_| | '_ \/ _` | \ \ \ \
 \\/  ___)| |_)| | | | | || (_| |  ) ) ) )
  '  |____| .__|_| |_|_| |_\__, | / / / /
 =========|_|==============|___/=/_/_/_/
 :: Spring Boot ::                (v3.2.5)

2026-06-25T00:14:53.171-03:00  INFO 9415 --- [  restartedMain] xyz.planecon.Application                 : Starting Application using Java 17.0.19 with PID 9415 (/home/lorranluiz/planecon/target/classes started by lorranluiz in /home/lorranluiz/planecon)
2026-06-25T00:14:53.175-03:00  INFO 9415 --- [  restartedMain] xyz.planecon.Application                 : No active profile set, falling back to 1 default profile: "default"
2026-06-25T00:14:53.211-03:00  INFO 9415 --- [  restartedMain] .e.DevToolsPropertyDefaultsPostProcessor : Devtools property defaults active! Set 'spring.devtools.add-properties' to 'false' to disable
2026-06-25T00:14:53.211-03:00  INFO 9415 --- [  restartedMain] .e.DevToolsPropertyDefaultsPostProcessor : For additional web related logging consider setting the 'logging.level.web' property to 'DEBUG'
2026-06-25T00:14:53.766-03:00  INFO 9415 --- [  restartedMain] .s.d.r.c.RepositoryConfigurationDelegate : Bootstrapping Spring Data JPA repositories in DEFAULT mode.
2026-06-25T00:14:53.817-03:00  INFO 9415 --- [  restartedMain] .s.d.r.c.RepositoryConfigurationDelegate : Finished Spring Data repository scanning in 43 ms. Found 15 JPA repository interfaces.
Production keystore not found. Using self-signed certificate.
2026-06-25T00:14:54.764-03:00  INFO 9415 --- [  restartedMain] o.s.b.w.embedded.tomcat.TomcatWebServer  : Tomcat initialized with ports 8443 (https), 8080 (http)
2026-06-25T00:14:54.775-03:00  INFO 9415 --- [  restartedMain] o.apache.catalina.core.StandardService   : Starting service [Tomcat]
2026-06-25T00:14:54.775-03:00  INFO 9415 --- [  restartedMain] o.apache.catalina.core.StandardEngine    : Starting Servlet engine: [Apache Tomcat/10.1.20]
2026-06-25T00:14:54.800-03:00  INFO 9415 --- [  restartedMain] o.a.c.c.C.[Tomcat].[localhost].[/]       : Initializing Spring embedded WebApplicationContext
2026-06-25T00:14:54.801-03:00  INFO 9415 --- [  restartedMain] w.s.c.ServletWebServerApplicationContext : Root WebApplicationContext: initialization completed in 1589 ms
2026-06-25T00:14:54.983-03:00  INFO 9415 --- [  restartedMain] com.zaxxer.hikari.HikariDataSource       : HikariPool-1 - Starting...
2026-06-25T00:14:55.182-03:00  INFO 9415 --- [  restartedMain] com.zaxxer.hikari.pool.HikariPool        : HikariPool-1 - Added connection org.postgresql.jdbc.PgConnection@65362
2026-06-25T00:14:55.183-03:00  INFO 9415 --- [  restartedMain] com.zaxxer.hikari.HikariDataSource       : HikariPool-1 - Start completed.
2026-06-25T00:14:55.252-03:00  INFO 9415 --- [  restartedMain] o.f.c.internal.license.VersionPrinter    : Flyway Community Edition 9.22.3 by Redgate
2026-06-25T00:14:55.252-03:00  INFO 9415 --- [  restartedMain] o.f.c.internal.license.VersionPrinter    : See release notes here: https://rd.gt/416ObMi
2026-06-25T00:14:55.252-03:00  INFO 9415 --- [  restartedMain] o.f.c.internal.license.VersionPrinter    : 
2026-06-25T00:14:55.257-03:00  INFO 9415 --- [  restartedMain] o.f.c.i.resource.ResourceNameValidator   : 2 SQL migrations were detected but not run because they did not follow the filename convention.
2026-06-25T00:14:55.258-03:00  INFO 9415 --- [  restartedMain] o.f.c.i.resource.ResourceNameValidator   : Set 'validateMigrationNaming' to true to fail fast and see a list of the invalid file names.
2026-06-25T00:14:55.261-03:00  INFO 9415 --- [  restartedMain] org.flywaydb.core.FlywayExecutor         : Database: jdbc:postgresql://localhost:5432/planecon (PostgreSQL 18.4)
2026-06-25T00:14:55.267-03:00  WARN 9415 --- [  restartedMain] o.f.c.internal.database.base.Database    : Flyway upgrade recommended: PostgreSQL 18.4 is newer than this version of Flyway and support has not been tested. The latest supported version of PostgreSQL is 15.
2026-06-25T00:14:55.333-03:00  INFO 9415 --- [  restartedMain] o.f.core.internal.command.DbMigrate      : Current version of schema "public": 20
2026-06-25T00:14:55.335-03:00  INFO 9415 --- [  restartedMain] o.f.core.internal.command.DbMigrate      : Schema "public" is up to date. No migration necessary.
2026-06-25T00:14:55.432-03:00  INFO 9415 --- [  restartedMain] o.hibernate.jpa.internal.util.LogHelper  : HHH000204: Processing PersistenceUnitInfo [name: default]
2026-06-25T00:14:55.521-03:00  INFO 9415 --- [  restartedMain] org.hibernate.Version                    : HHH000412: Hibernate ORM core version 6.4.0.Final
2026-06-25T00:14:55.563-03:00  INFO 9415 --- [  restartedMain] o.h.c.internal.RegionFactoryInitiator    : HHH000026: Second-level cache disabled
2026-06-25T00:14:55.778-03:00  INFO 9415 --- [  restartedMain] o.s.o.j.p.SpringPersistenceUnitInfo      : No LoadTimeWeaver setup: ignoring JPA class transformer
2026-06-25T00:14:55.820-03:00  WARN 9415 --- [  restartedMain] org.hibernate.orm.deprecation            : HHH90000025: PostgreSQLDialect does not need to be specified explicitly using 'hibernate.dialect' (remove the property setting and it will be selected by default)
2026-06-25T00:14:56.723-03:00  INFO 9415 --- [  restartedMain] o.h.e.t.j.p.i.JtaPlatformInitiator       : HHH000489: No JTA platform available (set 'hibernate.transaction.jta.platform' to enable JTA platform integration)
2026-06-25T00:14:56.725-03:00  INFO 9415 --- [  restartedMain] j.LocalContainerEntityManagerFactoryBean : Initialized JPA EntityManagerFactory for persistence unit 'default'
2026-06-25T00:14:56.837-03:00  INFO 9415 --- [  restartedMain] i.StatisticalLoggingSessionEventListener : Session Metrics {
    0 nanoseconds spent acquiring 0 JDBC connections;
    0 nanoseconds spent releasing 0 JDBC connections;
    0 nanoseconds spent preparing 0 JDBC statements;
    0 nanoseconds spent executing 0 JDBC statements;
    0 nanoseconds spent executing 0 JDBC batches;
    0 nanoseconds spent performing 0 L2C puts;
    0 nanoseconds spent performing 0 L2C hits;
    0 nanoseconds spent performing 0 L2C misses;
    0 nanoseconds spent executing 0 flushes (flushing a total of 0 entities and 0 collections);
    0 nanoseconds spent executing 0 partial-flushes (flushing a total of 0 entities and 0 collections)
}
2026-06-25T00:14:56.838-03:00  INFO 9415 --- [  restartedMain] i.StatisticalLoggingSessionEventListener : Session Metrics {
    0 nanoseconds spent acquiring 0 JDBC connections;
    0 nanoseconds spent releasing 0 JDBC connections;
    0 nanoseconds spent preparing 0 JDBC statements;
    0 nanoseconds spent executing 0 JDBC statements;
    0 nanoseconds spent executing 0 JDBC batches;
    0 nanoseconds spent performing 0 L2C puts;
    0 nanoseconds spent performing 0 L2C hits;
    0 nanoseconds spent performing 0 L2C misses;
    0 nanoseconds spent executing 0 flushes (flushing a total of 0 entities and 0 collections);
    0 nanoseconds spent executing 0 partial-flushes (flushing a total of 0 entities and 0 collections)
}
2026-06-25T00:14:56.916-03:00  INFO 9415 --- [  restartedMain] i.StatisticalLoggingSessionEventListener : Session Metrics {
    0 nanoseconds spent acquiring 0 JDBC connections;
    0 nanoseconds spent releasing 0 JDBC connections;
    0 nanoseconds spent preparing 0 JDBC statements;
    0 nanoseconds spent executing 0 JDBC statements;
    0 nanoseconds spent executing 0 JDBC batches;
    0 nanoseconds spent performing 0 L2C puts;
    0 nanoseconds spent performing 0 L2C hits;
    0 nanoseconds spent performing 0 L2C misses;
    0 nanoseconds spent executing 0 flushes (flushing a total of 0 entities and 0 collections);
    0 nanoseconds spent executing 0 partial-flushes (flushing a total of 0 entities and 0 collections)
}
2026-06-25T00:14:56.946-03:00  INFO 9415 --- [  restartedMain] i.StatisticalLoggingSessionEventListener : Session Metrics {
    0 nanoseconds spent acquiring 0 JDBC connections;
    0 nanoseconds spent releasing 0 JDBC connections;
    0 nanoseconds spent preparing 0 JDBC statements;
    0 nanoseconds spent executing 0 JDBC statements;
    0 nanoseconds spent executing 0 JDBC batches;
    0 nanoseconds spent performing 0 L2C puts;
    0 nanoseconds spent performing 0 L2C hits;
    0 nanoseconds spent performing 0 L2C misses;
    0 nanoseconds spent executing 0 flushes (flushing a total of 0 entities and 0 collections);
    0 nanoseconds spent executing 0 partial-flushes (flushing a total of 0 entities and 0 collections)
}
2026-06-25T00:14:56.949-03:00  INFO 9415 --- [  restartedMain] i.StatisticalLoggingSessionEventListener : Session Metrics {
    0 nanoseconds spent acquiring 0 JDBC connections;
    0 nanoseconds spent releasing 0 JDBC connections;
    0 nanoseconds spent preparing 0 JDBC statements;
    0 nanoseconds spent executing 0 JDBC statements;
    0 nanoseconds spent executing 0 JDBC batches;
    0 nanoseconds spent performing 0 L2C puts;
    0 nanoseconds spent performing 0 L2C hits;
    0 nanoseconds spent performing 0 L2C misses;
    0 nanoseconds spent executing 0 flushes (flushing a total of 0 entities and 0 collections);
    0 nanoseconds spent executing 0 partial-flushes (flushing a total of 0 entities and 0 collections)
}
2026-06-25T00:14:56.988-03:00  INFO 9415 --- [  restartedMain] o.s.d.j.r.query.QueryEnhancerFactory     : Hibernate is in classpath; If applicable, HQL parser will be used.
2026-06-25T00:14:57.075-03:00  INFO 9415 --- [  restartedMain] i.StatisticalLoggingSessionEventListener : Session Metrics {
    0 nanoseconds spent acquiring 0 JDBC connections;
    0 nanoseconds spent releasing 0 JDBC connections;
    0 nanoseconds spent preparing 0 JDBC statements;
    0 nanoseconds spent executing 0 JDBC statements;
    0 nanoseconds spent executing 0 JDBC batches;
    0 nanoseconds spent performing 0 L2C puts;
    0 nanoseconds spent performing 0 L2C hits;
    0 nanoseconds spent performing 0 L2C misses;
    0 nanoseconds spent executing 0 flushes (flushing a total of 0 entities and 0 collections);
    0 nanoseconds spent executing 0 partial-flushes (flushing a total of 0 entities and 0 collections)
}
2026-06-25T00:14:57.076-03:00  INFO 9415 --- [  restartedMain] i.StatisticalLoggingSessionEventListener : Session Metrics {
    0 nanoseconds spent acquiring 0 JDBC connections;
    0 nanoseconds spent releasing 0 JDBC connections;
    0 nanoseconds spent preparing 0 JDBC statements;
    0 nanoseconds spent executing 0 JDBC statements;
    0 nanoseconds spent executing 0 JDBC batches;
    0 nanoseconds spent performing 0 L2C puts;
    0 nanoseconds spent performing 0 L2C hits;
    0 nanoseconds spent performing 0 L2C misses;
    0 nanoseconds spent executing 0 flushes (flushing a total of 0 entities and 0 collections);
    0 nanoseconds spent executing 0 partial-flushes (flushing a total of 0 entities and 0 collections)
}
2026-06-25T00:14:57.186-03:00  INFO 9415 --- [  restartedMain] i.StatisticalLoggingSessionEventListener : Session Metrics {
    0 nanoseconds spent acquiring 0 JDBC connections;
    0 nanoseconds spent releasing 0 JDBC connections;
    0 nanoseconds spent preparing 0 JDBC statements;
    0 nanoseconds spent executing 0 JDBC statements;
    0 nanoseconds spent executing 0 JDBC batches;
    0 nanoseconds spent performing 0 L2C puts;
    0 nanoseconds spent performing 0 L2C hits;
    0 nanoseconds spent performing 0 L2C misses;
    0 nanoseconds spent executing 0 flushes (flushing a total of 0 entities and 0 collections);
    0 nanoseconds spent executing 0 partial-flushes (flushing a total of 0 entities and 0 collections)
}
2026-06-25T00:14:57.187-03:00  INFO 9415 --- [  restartedMain] i.StatisticalLoggingSessionEventListener : Session Metrics {
    0 nanoseconds spent acquiring 0 JDBC connections;
    0 nanoseconds spent releasing 0 JDBC connections;
    0 nanoseconds spent preparing 0 JDBC statements;
    0 nanoseconds spent executing 0 JDBC statements;
    0 nanoseconds spent executing 0 JDBC batches;
    0 nanoseconds spent performing 0 L2C puts;
    0 nanoseconds spent performing 0 L2C hits;
    0 nanoseconds spent performing 0 L2C misses;
    0 nanoseconds spent executing 0 flushes (flushing a total of 0 entities and 0 collections);
    0 nanoseconds spent executing 0 partial-flushes (flushing a total of 0 entities and 0 collections)
}
2026-06-25T00:14:57.187-03:00  INFO 9415 --- [  restartedMain] i.StatisticalLoggingSessionEventListener : Session Metrics {
    0 nanoseconds spent acquiring 0 JDBC connections;
    0 nanoseconds spent releasing 0 JDBC connections;
    0 nanoseconds spent preparing 0 JDBC statements;
    0 nanoseconds spent executing 0 JDBC statements;
    0 nanoseconds spent executing 0 JDBC batches;
    0 nanoseconds spent performing 0 L2C puts;
    0 nanoseconds spent performing 0 L2C hits;
    0 nanoseconds spent performing 0 L2C misses;
    0 nanoseconds spent executing 0 flushes (flushing a total of 0 entities and 0 collections);
    0 nanoseconds spent executing 0 partial-flushes (flushing a total of 0 entities and 0 collections)
}
2026-06-25T00:14:57.189-03:00  INFO 9415 --- [  restartedMain] i.StatisticalLoggingSessionEventListener : Session Metrics {
    0 nanoseconds spent acquiring 0 JDBC connections;
    0 nanoseconds spent releasing 0 JDBC connections;
    0 nanoseconds spent preparing 0 JDBC statements;
    0 nanoseconds spent executing 0 JDBC statements;
    0 nanoseconds spent executing 0 JDBC batches;
    0 nanoseconds spent performing 0 L2C puts;
    0 nanoseconds spent performing 0 L2C hits;
    0 nanoseconds spent performing 0 L2C misses;
    0 nanoseconds spent executing 0 flushes (flushing a total of 0 entities and 0 collections);
    0 nanoseconds spent executing 0 partial-flushes (flushing a total of 0 entities and 0 collections)
}
2026-06-25T00:14:57.189-03:00  INFO 9415 --- [  restartedMain] i.StatisticalLoggingSessionEventListener : Session Metrics {
    0 nanoseconds spent acquiring 0 JDBC connections;
    0 nanoseconds spent releasing 0 JDBC connections;
    0 nanoseconds spent preparing 0 JDBC statements;
    0 nanoseconds spent executing 0 JDBC statements;
    0 nanoseconds spent executing 0 JDBC batches;
    0 nanoseconds spent performing 0 L2C puts;
    0 nanoseconds spent performing 0 L2C hits;
    0 nanoseconds spent performing 0 L2C misses;
    0 nanoseconds spent executing 0 flushes (flushing a total of 0 entities and 0 collections);
    0 nanoseconds spent executing 0 partial-flushes (flushing a total of 0 entities and 0 collections)
}
2026-06-25T00:14:57.191-03:00  INFO 9415 --- [  restartedMain] i.StatisticalLoggingSessionEventListener : Session Metrics {
    0 nanoseconds spent acquiring 0 JDBC connections;
    0 nanoseconds spent releasing 0 JDBC connections;
    0 nanoseconds spent preparing 0 JDBC statements;
    0 nanoseconds spent executing 0 JDBC statements;
    0 nanoseconds spent executing 0 JDBC batches;
    0 nanoseconds spent performing 0 L2C puts;
    0 nanoseconds spent performing 0 L2C hits;
    0 nanoseconds spent performing 0 L2C misses;
    0 nanoseconds spent executing 0 flushes (flushing a total of 0 entities and 0 collections);
    0 nanoseconds spent executing 0 partial-flushes (flushing a total of 0 entities and 0 collections)
}
2026-06-25T00:14:57.192-03:00  INFO 9415 --- [  restartedMain] i.StatisticalLoggingSessionEventListener : Session Metrics {
    0 nanoseconds spent acquiring 0 JDBC connections;
    0 nanoseconds spent releasing 0 JDBC connections;
    0 nanoseconds spent preparing 0 JDBC statements;
    0 nanoseconds spent executing 0 JDBC statements;
    0 nanoseconds spent executing 0 JDBC batches;
    0 nanoseconds spent performing 0 L2C puts;
    0 nanoseconds spent performing 0 L2C hits;
    0 nanoseconds spent performing 0 L2C misses;
    0 nanoseconds spent executing 0 flushes (flushing a total of 0 entities and 0 collections);
    0 nanoseconds spent executing 0 partial-flushes (flushing a total of 0 entities and 0 collections)
}
2026-06-25T00:14:57.195-03:00  INFO 9415 --- [  restartedMain] i.StatisticalLoggingSessionEventListener : Session Metrics {
    0 nanoseconds spent acquiring 0 JDBC connections;
    0 nanoseconds spent releasing 0 JDBC connections;
    0 nanoseconds spent preparing 0 JDBC statements;
    0 nanoseconds spent executing 0 JDBC statements;
    0 nanoseconds spent executing 0 JDBC batches;
    0 nanoseconds spent performing 0 L2C puts;
    0 nanoseconds spent performing 0 L2C hits;
    0 nanoseconds spent performing 0 L2C misses;
    0 nanoseconds spent executing 0 flushes (flushing a total of 0 entities and 0 collections);
    0 nanoseconds spent executing 0 partial-flushes (flushing a total of 0 entities and 0 collections)
}
2026-06-25T00:14:57.195-03:00  INFO 9415 --- [  restartedMain] i.StatisticalLoggingSessionEventListener : Session Metrics {
    0 nanoseconds spent acquiring 0 JDBC connections;
    0 nanoseconds spent releasing 0 JDBC connections;
    0 nanoseconds spent preparing 0 JDBC statements;
    0 nanoseconds spent executing 0 JDBC statements;
    0 nanoseconds spent executing 0 JDBC batches;
    0 nanoseconds spent performing 0 L2C puts;
    0 nanoseconds spent performing 0 L2C hits;
    0 nanoseconds spent performing 0 L2C misses;
    0 nanoseconds spent executing 0 flushes (flushing a total of 0 entities and 0 collections);
    0 nanoseconds spent executing 0 partial-flushes (flushing a total of 0 entities and 0 collections)
}
2026-06-25T00:14:57.200-03:00  INFO 9415 --- [  restartedMain] i.StatisticalLoggingSessionEventListener : Session Metrics {
    0 nanoseconds spent acquiring 0 JDBC connections;
    0 nanoseconds spent releasing 0 JDBC connections;
    0 nanoseconds spent preparing 0 JDBC statements;
    0 nanoseconds spent executing 0 JDBC statements;
    0 nanoseconds spent executing 0 JDBC batches;
    0 nanoseconds spent performing 0 L2C puts;
    0 nanoseconds spent performing 0 L2C hits;
    0 nanoseconds spent performing 0 L2C misses;
    0 nanoseconds spent executing 0 flushes (flushing a total of 0 entities and 0 collections);
    0 nanoseconds spent executing 0 partial-flushes (flushing a total of 0 entities and 0 collections)
}
2026-06-25T00:14:57.202-03:00  INFO 9415 --- [  restartedMain] i.StatisticalLoggingSessionEventListener : Session Metrics {
    0 nanoseconds spent acquiring 0 JDBC connections;
    0 nanoseconds spent releasing 0 JDBC connections;
    0 nanoseconds spent preparing 0 JDBC statements;
    0 nanoseconds spent executing 0 JDBC statements;
    0 nanoseconds spent executing 0 JDBC batches;
    0 nanoseconds spent performing 0 L2C puts;
    0 nanoseconds spent performing 0 L2C hits;
    0 nanoseconds spent performing 0 L2C misses;
    0 nanoseconds spent executing 0 flushes (flushing a total of 0 entities and 0 collections);
    0 nanoseconds spent executing 0 partial-flushes (flushing a total of 0 entities and 0 collections)
}
2026-06-25T00:14:57.202-03:00  INFO 9415 --- [  restartedMain] i.StatisticalLoggingSessionEventListener : Session Metrics {
    0 nanoseconds spent acquiring 0 JDBC connections;
    0 nanoseconds spent releasing 0 JDBC connections;
    0 nanoseconds spent preparing 0 JDBC statements;
    0 nanoseconds spent executing 0 JDBC statements;
    0 nanoseconds spent executing 0 JDBC batches;
    0 nanoseconds spent performing 0 L2C puts;
    0 nanoseconds spent performing 0 L2C hits;
    0 nanoseconds spent performing 0 L2C misses;
    0 nanoseconds spent executing 0 flushes (flushing a total of 0 entities and 0 collections);
    0 nanoseconds spent executing 0 partial-flushes (flushing a total of 0 entities and 0 collections)
}
2026-06-25T00:14:57.205-03:00  INFO 9415 --- [  restartedMain] i.StatisticalLoggingSessionEventListener : Session Metrics {
    0 nanoseconds spent acquiring 0 JDBC connections;
    0 nanoseconds spent releasing 0 JDBC connections;
    0 nanoseconds spent preparing 0 JDBC statements;
    0 nanoseconds spent executing 0 JDBC statements;
    0 nanoseconds spent executing 0 JDBC batches;
    0 nanoseconds spent performing 0 L2C puts;
    0 nanoseconds spent performing 0 L2C hits;
    0 nanoseconds spent performing 0 L2C misses;
    0 nanoseconds spent executing 0 flushes (flushing a total of 0 entities and 0 collections);
    0 nanoseconds spent executing 0 partial-flushes (flushing a total of 0 entities and 0 collections)
}
2026-06-25T00:14:57.207-03:00  INFO 9415 --- [  restartedMain] i.StatisticalLoggingSessionEventListener : Session Metrics {
    0 nanoseconds spent acquiring 0 JDBC connections;
    0 nanoseconds spent releasing 0 JDBC connections;
    0 nanoseconds spent preparing 0 JDBC statements;
    0 nanoseconds spent executing 0 JDBC statements;
    0 nanoseconds spent executing 0 JDBC batches;
    0 nanoseconds spent performing 0 L2C puts;
    0 nanoseconds spent performing 0 L2C hits;
    0 nanoseconds spent performing 0 L2C misses;
    0 nanoseconds spent executing 0 flushes (flushing a total of 0 entities and 0 collections);
    0 nanoseconds spent executing 0 partial-flushes (flushing a total of 0 entities and 0 collections)
}
2026-06-25T00:14:57.208-03:00  INFO 9415 --- [  restartedMain] i.StatisticalLoggingSessionEventListener : Session Metrics {
    0 nanoseconds spent acquiring 0 JDBC connections;
    0 nanoseconds spent releasing 0 JDBC connections;
    0 nanoseconds spent preparing 0 JDBC statements;
    0 nanoseconds spent executing 0 JDBC statements;
    0 nanoseconds spent executing 0 JDBC batches;
    0 nanoseconds spent performing 0 L2C puts;
    0 nanoseconds spent performing 0 L2C hits;
    0 nanoseconds spent performing 0 L2C misses;
    0 nanoseconds spent executing 0 flushes (flushing a total of 0 entities and 0 collections);
    0 nanoseconds spent executing 0 partial-flushes (flushing a total of 0 entities and 0 collections)
}
2026-06-25T00:14:57.211-03:00  INFO 9415 --- [  restartedMain] i.StatisticalLoggingSessionEventListener : Session Metrics {
    0 nanoseconds spent acquiring 0 JDBC connections;
    0 nanoseconds spent releasing 0 JDBC connections;
    0 nanoseconds spent preparing 0 JDBC statements;
    0 nanoseconds spent executing 0 JDBC statements;
    0 nanoseconds spent executing 0 JDBC batches;
    0 nanoseconds spent performing 0 L2C puts;
    0 nanoseconds spent performing 0 L2C hits;
    0 nanoseconds spent performing 0 L2C misses;
    0 nanoseconds spent executing 0 flushes (flushing a total of 0 entities and 0 collections);
    0 nanoseconds spent executing 0 partial-flushes (flushing a total of 0 entities and 0 collections)
}
2026-06-25T00:14:57.213-03:00  INFO 9415 --- [  restartedMain] i.StatisticalLoggingSessionEventListener : Session Metrics {
    0 nanoseconds spent acquiring 0 JDBC connections;
    0 nanoseconds spent releasing 0 JDBC connections;
    0 nanoseconds spent preparing 0 JDBC statements;
    0 nanoseconds spent executing 0 JDBC statements;
    0 nanoseconds spent executing 0 JDBC batches;
    0 nanoseconds spent performing 0 L2C puts;
    0 nanoseconds spent performing 0 L2C hits;
    0 nanoseconds spent performing 0 L2C misses;
    0 nanoseconds spent executing 0 flushes (flushing a total of 0 entities and 0 collections);
    0 nanoseconds spent executing 0 partial-flushes (flushing a total of 0 entities and 0 collections)
}
2026-06-25T00:14:57.214-03:00  INFO 9415 --- [  restartedMain] i.StatisticalLoggingSessionEventListener : Session Metrics {
    0 nanoseconds spent acquiring 0 JDBC connections;
    0 nanoseconds spent releasing 0 JDBC connections;
    0 nanoseconds spent preparing 0 JDBC statements;
    0 nanoseconds spent executing 0 JDBC statements;
    0 nanoseconds spent executing 0 JDBC batches;
    0 nanoseconds spent performing 0 L2C puts;
    0 nanoseconds spent performing 0 L2C hits;
    0 nanoseconds spent performing 0 L2C misses;
    0 nanoseconds spent executing 0 flushes (flushing a total of 0 entities and 0 collections);
    0 nanoseconds spent executing 0 partial-flushes (flushing a total of 0 entities and 0 collections)
}
2026-06-25T00:14:57.215-03:00  INFO 9415 --- [  restartedMain] i.StatisticalLoggingSessionEventListener : Session Metrics {
    0 nanoseconds spent acquiring 0 JDBC connections;
    0 nanoseconds spent releasing 0 JDBC connections;
    0 nanoseconds spent preparing 0 JDBC statements;
    0 nanoseconds spent executing 0 JDBC statements;
    0 nanoseconds spent executing 0 JDBC batches;
    0 nanoseconds spent performing 0 L2C puts;
    0 nanoseconds spent performing 0 L2C hits;
    0 nanoseconds spent performing 0 L2C misses;
    0 nanoseconds spent executing 0 flushes (flushing a total of 0 entities and 0 collections);
    0 nanoseconds spent executing 0 partial-flushes (flushing a total of 0 entities and 0 collections)
}
2026-06-25T00:14:57.216-03:00  INFO 9415 --- [  restartedMain] i.StatisticalLoggingSessionEventListener : Session Metrics {
    0 nanoseconds spent acquiring 0 JDBC connections;
    0 nanoseconds spent releasing 0 JDBC connections;
    0 nanoseconds spent preparing 0 JDBC statements;
    0 nanoseconds spent executing 0 JDBC statements;
    0 nanoseconds spent executing 0 JDBC batches;
    0 nanoseconds spent performing 0 L2C puts;
    0 nanoseconds spent performing 0 L2C hits;
    0 nanoseconds spent performing 0 L2C misses;
    0 nanoseconds spent executing 0 flushes (flushing a total of 0 entities and 0 collections);
    0 nanoseconds spent executing 0 partial-flushes (flushing a total of 0 entities and 0 collections)
}
2026-06-25T00:14:57.216-03:00  INFO 9415 --- [  restartedMain] i.StatisticalLoggingSessionEventListener : Session Metrics {
    0 nanoseconds spent acquiring 0 JDBC connections;
    0 nanoseconds spent releasing 0 JDBC connections;
    0 nanoseconds spent preparing 0 JDBC statements;
    0 nanoseconds spent executing 0 JDBC statements;
    0 nanoseconds spent executing 0 JDBC batches;
    0 nanoseconds spent performing 0 L2C puts;
    0 nanoseconds spent performing 0 L2C hits;
    0 nanoseconds spent performing 0 L2C misses;
    0 nanoseconds spent executing 0 flushes (flushing a total of 0 entities and 0 collections);
    0 nanoseconds spent executing 0 partial-flushes (flushing a total of 0 entities and 0 collections)
}
2026-06-25T00:14:57.216-03:00  INFO 9415 --- [  restartedMain] i.StatisticalLoggingSessionEventListener : Session Metrics {
    0 nanoseconds spent acquiring 0 JDBC connections;
    0 nanoseconds spent releasing 0 JDBC connections;
    0 nanoseconds spent preparing 0 JDBC statements;
    0 nanoseconds spent executing 0 JDBC statements;
    0 nanoseconds spent executing 0 JDBC batches;
    0 nanoseconds spent performing 0 L2C puts;
    0 nanoseconds spent performing 0 L2C hits;
    0 nanoseconds spent performing 0 L2C misses;
    0 nanoseconds spent executing 0 flushes (flushing a total of 0 entities and 0 collections);
    0 nanoseconds spent executing 0 partial-flushes (flushing a total of 0 entities and 0 collections)
}
2026-06-25T00:14:57.221-03:00  INFO 9415 --- [  restartedMain] i.StatisticalLoggingSessionEventListener : Session Metrics {
    0 nanoseconds spent acquiring 0 JDBC connections;
    0 nanoseconds spent releasing 0 JDBC connections;
    0 nanoseconds spent preparing 0 JDBC statements;
    0 nanoseconds spent executing 0 JDBC statements;
    0 nanoseconds spent executing 0 JDBC batches;
    0 nanoseconds spent performing 0 L2C puts;
    0 nanoseconds spent performing 0 L2C hits;
    0 nanoseconds spent performing 0 L2C misses;
    0 nanoseconds spent executing 0 flushes (flushing a total of 0 entities and 0 collections);
    0 nanoseconds spent executing 0 partial-flushes (flushing a total of 0 entities and 0 collections)
}
2026-06-25T00:14:57.221-03:00  INFO 9415 --- [  restartedMain] i.StatisticalLoggingSessionEventListener : Session Metrics {
    0 nanoseconds spent acquiring 0 JDBC connections;
    0 nanoseconds spent releasing 0 JDBC connections;
    0 nanoseconds spent preparing 0 JDBC statements;
    0 nanoseconds spent executing 0 JDBC statements;
    0 nanoseconds spent executing 0 JDBC batches;
    0 nanoseconds spent performing 0 L2C puts;
    0 nanoseconds spent performing 0 L2C hits;
    0 nanoseconds spent performing 0 L2C misses;
    0 nanoseconds spent executing 0 flushes (flushing a total of 0 entities and 0 collections);
    0 nanoseconds spent executing 0 partial-flushes (flushing a total of 0 entities and 0 collections)
}
2026-06-25T00:14:57.229-03:00  INFO 9415 --- [  restartedMain] i.StatisticalLoggingSessionEventListener : Session Metrics {
    0 nanoseconds spent acquiring 0 JDBC connections;
    0 nanoseconds spent releasing 0 JDBC connections;
    0 nanoseconds spent preparing 0 JDBC statements;
    0 nanoseconds spent executing 0 JDBC statements;
    0 nanoseconds spent executing 0 JDBC batches;
    0 nanoseconds spent performing 0 L2C puts;
    0 nanoseconds spent performing 0 L2C hits;
    0 nanoseconds spent performing 0 L2C misses;
    0 nanoseconds spent executing 0 flushes (flushing a total of 0 entities and 0 collections);
    0 nanoseconds spent executing 0 partial-flushes (flushing a total of 0 entities and 0 collections)
}
2026-06-25T00:14:57.233-03:00  INFO 9415 --- [  restartedMain] i.StatisticalLoggingSessionEventListener : Session Metrics {
    0 nanoseconds spent acquiring 0 JDBC connections;
    0 nanoseconds spent releasing 0 JDBC connections;
    0 nanoseconds spent preparing 0 JDBC statements;
    0 nanoseconds spent executing 0 JDBC statements;
    0 nanoseconds spent executing 0 JDBC batches;
    0 nanoseconds spent performing 0 L2C puts;
    0 nanoseconds spent performing 0 L2C hits;
    0 nanoseconds spent performing 0 L2C misses;
    0 nanoseconds spent executing 0 flushes (flushing a total of 0 entities and 0 collections);
    0 nanoseconds spent executing 0 partial-flushes (flushing a total of 0 entities and 0 collections)
}
2026-06-25T00:14:57.233-03:00  INFO 9415 --- [  restartedMain] i.StatisticalLoggingSessionEventListener : Session Metrics {
    0 nanoseconds spent acquiring 0 JDBC connections;
    0 nanoseconds spent releasing 0 JDBC connections;
    0 nanoseconds spent preparing 0 JDBC statements;
    0 nanoseconds spent executing 0 JDBC statements;
    0 nanoseconds spent executing 0 JDBC batches;
    0 nanoseconds spent performing 0 L2C puts;
    0 nanoseconds spent performing 0 L2C hits;
    0 nanoseconds spent performing 0 L2C misses;
    0 nanoseconds spent executing 0 flushes (flushing a total of 0 entities and 0 collections);
    0 nanoseconds spent executing 0 partial-flushes (flushing a total of 0 entities and 0 collections)
}
2026-06-25T00:14:57.245-03:00  INFO 9415 --- [  restartedMain] i.StatisticalLoggingSessionEventListener : Session Metrics {
    0 nanoseconds spent acquiring 0 JDBC connections;
    0 nanoseconds spent releasing 0 JDBC connections;
    0 nanoseconds spent preparing 0 JDBC statements;
    0 nanoseconds spent executing 0 JDBC statements;
    0 nanoseconds spent executing 0 JDBC batches;
    0 nanoseconds spent performing 0 L2C puts;
    0 nanoseconds spent performing 0 L2C hits;
    0 nanoseconds spent performing 0 L2C misses;
    0 nanoseconds spent executing 0 flushes (flushing a total of 0 entities and 0 collections);
    0 nanoseconds spent executing 0 partial-flushes (flushing a total of 0 entities and 0 collections)
}
2026-06-25T00:14:57.247-03:00  INFO 9415 --- [  restartedMain] i.StatisticalLoggingSessionEventListener : Session Metrics {
    0 nanoseconds spent acquiring 0 JDBC connections;
    0 nanoseconds spent releasing 0 JDBC connections;
    0 nanoseconds spent preparing 0 JDBC statements;
    0 nanoseconds spent executing 0 JDBC statements;
    0 nanoseconds spent executing 0 JDBC batches;
    0 nanoseconds spent performing 0 L2C puts;
    0 nanoseconds spent performing 0 L2C hits;
    0 nanoseconds spent performing 0 L2C misses;
    0 nanoseconds spent executing 0 flushes (flushing a total of 0 entities and 0 collections);
    0 nanoseconds spent executing 0 partial-flushes (flushing a total of 0 entities and 0 collections)
}
2026-06-25T00:14:57.247-03:00  INFO 9415 --- [  restartedMain] i.StatisticalLoggingSessionEventListener : Session Metrics {
    0 nanoseconds spent acquiring 0 JDBC connections;
    0 nanoseconds spent releasing 0 JDBC connections;
    0 nanoseconds spent preparing 0 JDBC statements;
    0 nanoseconds spent executing 0 JDBC statements;
    0 nanoseconds spent executing 0 JDBC batches;
    0 nanoseconds spent performing 0 L2C puts;
    0 nanoseconds spent performing 0 L2C hits;
    0 nanoseconds spent performing 0 L2C misses;
    0 nanoseconds spent executing 0 flushes (flushing a total of 0 entities and 0 collections);
    0 nanoseconds spent executing 0 partial-flushes (flushing a total of 0 entities and 0 collections)
}
2026-06-25T00:14:57.249-03:00  INFO 9415 --- [  restartedMain] i.StatisticalLoggingSessionEventListener : Session Metrics {
    0 nanoseconds spent acquiring 0 JDBC connections;
    0 nanoseconds spent releasing 0 JDBC connections;
    0 nanoseconds spent preparing 0 JDBC statements;
    0 nanoseconds spent executing 0 JDBC statements;
    0 nanoseconds spent executing 0 JDBC batches;
    0 nanoseconds spent performing 0 L2C puts;
    0 nanoseconds spent performing 0 L2C hits;
    0 nanoseconds spent performing 0 L2C misses;
    0 nanoseconds spent executing 0 flushes (flushing a total of 0 entities and 0 collections);
    0 nanoseconds spent executing 0 partial-flushes (flushing a total of 0 entities and 0 collections)
}
2026-06-25T00:14:57.250-03:00  INFO 9415 --- [  restartedMain] i.StatisticalLoggingSessionEventListener : Session Metrics {
    0 nanoseconds spent acquiring 0 JDBC connections;
    0 nanoseconds spent releasing 0 JDBC connections;
    0 nanoseconds spent preparing 0 JDBC statements;
    0 nanoseconds spent executing 0 JDBC statements;
    0 nanoseconds spent executing 0 JDBC batches;
    0 nanoseconds spent performing 0 L2C puts;
    0 nanoseconds spent performing 0 L2C hits;
    0 nanoseconds spent performing 0 L2C misses;
    0 nanoseconds spent executing 0 flushes (flushing a total of 0 entities and 0 collections);
    0 nanoseconds spent executing 0 partial-flushes (flushing a total of 0 entities and 0 collections)
}
2026-06-25T00:14:57.251-03:00  INFO 9415 --- [  restartedMain] i.StatisticalLoggingSessionEventListener : Session Metrics {
    0 nanoseconds spent acquiring 0 JDBC connections;
    0 nanoseconds spent releasing 0 JDBC connections;
    0 nanoseconds spent preparing 0 JDBC statements;
    0 nanoseconds spent executing 0 JDBC statements;
    0 nanoseconds spent executing 0 JDBC batches;
    0 nanoseconds spent performing 0 L2C puts;
    0 nanoseconds spent performing 0 L2C hits;
    0 nanoseconds spent performing 0 L2C misses;
    0 nanoseconds spent executing 0 flushes (flushing a total of 0 entities and 0 collections);
    0 nanoseconds spent executing 0 partial-flushes (flushing a total of 0 entities and 0 collections)
}
2026-06-25T00:14:57.252-03:00  INFO 9415 --- [  restartedMain] i.StatisticalLoggingSessionEventListener : Session Metrics {
    0 nanoseconds spent acquiring 0 JDBC connections;
    0 nanoseconds spent releasing 0 JDBC connections;
    0 nanoseconds spent preparing 0 JDBC statements;
    0 nanoseconds spent executing 0 JDBC statements;
    0 nanoseconds spent executing 0 JDBC batches;
    0 nanoseconds spent performing 0 L2C puts;
    0 nanoseconds spent performing 0 L2C hits;
    0 nanoseconds spent performing 0 L2C misses;
    0 nanoseconds spent executing 0 flushes (flushing a total of 0 entities and 0 collections);
    0 nanoseconds spent executing 0 partial-flushes (flushing a total of 0 entities and 0 collections)
}
2026-06-25T00:14:57.254-03:00  INFO 9415 --- [  restartedMain] i.StatisticalLoggingSessionEventListener : Session Metrics {
    0 nanoseconds spent acquiring 0 JDBC connections;
    0 nanoseconds spent releasing 0 JDBC connections;
    0 nanoseconds spent preparing 0 JDBC statements;
    0 nanoseconds spent executing 0 JDBC statements;
    0 nanoseconds spent executing 0 JDBC batches;
    0 nanoseconds spent performing 0 L2C puts;
    0 nanoseconds spent performing 0 L2C hits;
    0 nanoseconds spent performing 0 L2C misses;
    0 nanoseconds spent executing 0 flushes (flushing a total of 0 entities and 0 collections);
    0 nanoseconds spent executing 0 partial-flushes (flushing a total of 0 entities and 0 collections)
}
2026-06-25T00:14:57.254-03:00  INFO 9415 --- [  restartedMain] i.StatisticalLoggingSessionEventListener : Session Metrics {
    0 nanoseconds spent acquiring 0 JDBC connections;
    0 nanoseconds spent releasing 0 JDBC connections;
    0 nanoseconds spent preparing 0 JDBC statements;
    0 nanoseconds spent executing 0 JDBC statements;
    0 nanoseconds spent executing 0 JDBC batches;
    0 nanoseconds spent performing 0 L2C puts;
    0 nanoseconds spent performing 0 L2C hits;
    0 nanoseconds spent performing 0 L2C misses;
    0 nanoseconds spent executing 0 flushes (flushing a total of 0 entities and 0 collections);
    0 nanoseconds spent executing 0 partial-flushes (flushing a total of 0 entities and 0 collections)
}
2026-06-25T00:14:57.255-03:00  INFO 9415 --- [  restartedMain] i.StatisticalLoggingSessionEventListener : Session Metrics {
    0 nanoseconds spent acquiring 0 JDBC connections;
    0 nanoseconds spent releasing 0 JDBC connections;
    0 nanoseconds spent preparing 0 JDBC statements;
    0 nanoseconds spent executing 0 JDBC statements;
    0 nanoseconds spent executing 0 JDBC batches;
    0 nanoseconds spent performing 0 L2C puts;
    0 nanoseconds spent performing 0 L2C hits;
    0 nanoseconds spent performing 0 L2C misses;
    0 nanoseconds spent executing 0 flushes (flushing a total of 0 entities and 0 collections);
    0 nanoseconds spent executing 0 partial-flushes (flushing a total of 0 entities and 0 collections)
}
2026-06-25T00:14:57.256-03:00  INFO 9415 --- [  restartedMain] i.StatisticalLoggingSessionEventListener : Session Metrics {
    0 nanoseconds spent acquiring 0 JDBC connections;
    0 nanoseconds spent releasing 0 JDBC connections;
    0 nanoseconds spent preparing 0 JDBC statements;
    0 nanoseconds spent executing 0 JDBC statements;
    0 nanoseconds spent executing 0 JDBC batches;
    0 nanoseconds spent performing 0 L2C puts;
    0 nanoseconds spent performing 0 L2C hits;
    0 nanoseconds spent performing 0 L2C misses;
    0 nanoseconds spent executing 0 flushes (flushing a total of 0 entities and 0 collections);
    0 nanoseconds spent executing 0 partial-flushes (flushing a total of 0 entities and 0 collections)
}
2026-06-25T00:14:57.256-03:00  INFO 9415 --- [  restartedMain] i.StatisticalLoggingSessionEventListener : Session Metrics {
    0 nanoseconds spent acquiring 0 JDBC connections;
    0 nanoseconds spent releasing 0 JDBC connections;
    0 nanoseconds spent preparing 0 JDBC statements;
    0 nanoseconds spent executing 0 JDBC statements;
    0 nanoseconds spent executing 0 JDBC batches;
    0 nanoseconds spent performing 0 L2C puts;
    0 nanoseconds spent performing 0 L2C hits;
    0 nanoseconds spent performing 0 L2C misses;
    0 nanoseconds spent executing 0 flushes (flushing a total of 0 entities and 0 collections);
    0 nanoseconds spent executing 0 partial-flushes (flushing a total of 0 entities and 0 collections)
}
2026-06-25T00:14:57.258-03:00  INFO 9415 --- [  restartedMain] i.StatisticalLoggingSessionEventListener : Session Metrics {
    0 nanoseconds spent acquiring 0 JDBC connections;
    0 nanoseconds spent releasing 0 JDBC connections;
    0 nanoseconds spent preparing 0 JDBC statements;
    0 nanoseconds spent executing 0 JDBC statements;
    0 nanoseconds spent executing 0 JDBC batches;
    0 nanoseconds spent performing 0 L2C puts;
    0 nanoseconds spent performing 0 L2C hits;
    0 nanoseconds spent performing 0 L2C misses;
    0 nanoseconds spent executing 0 flushes (flushing a total of 0 entities and 0 collections);
    0 nanoseconds spent executing 0 partial-flushes (flushing a total of 0 entities and 0 collections)
}
2026-06-25T00:14:57.264-03:00  INFO 9415 --- [  restartedMain] i.StatisticalLoggingSessionEventListener : Session Metrics {
    0 nanoseconds spent acquiring 0 JDBC connections;
    0 nanoseconds spent releasing 0 JDBC connections;
    0 nanoseconds spent preparing 0 JDBC statements;
    0 nanoseconds spent executing 0 JDBC statements;
    0 nanoseconds spent executing 0 JDBC batches;
    0 nanoseconds spent performing 0 L2C puts;
    0 nanoseconds spent performing 0 L2C hits;
    0 nanoseconds spent performing 0 L2C misses;
    0 nanoseconds spent executing 0 flushes (flushing a total of 0 entities and 0 collections);
    0 nanoseconds spent executing 0 partial-flushes (flushing a total of 0 entities and 0 collections)
}
2026-06-25T00:14:57.264-03:00  INFO 9415 --- [  restartedMain] i.StatisticalLoggingSessionEventListener : Session Metrics {
    0 nanoseconds spent acquiring 0 JDBC connections;
    0 nanoseconds spent releasing 0 JDBC connections;
    0 nanoseconds spent preparing 0 JDBC statements;
    0 nanoseconds spent executing 0 JDBC statements;
    0 nanoseconds spent executing 0 JDBC batches;
    0 nanoseconds spent performing 0 L2C puts;
    0 nanoseconds spent performing 0 L2C hits;
    0 nanoseconds spent performing 0 L2C misses;
    0 nanoseconds spent executing 0 flushes (flushing a total of 0 entities and 0 collections);
    0 nanoseconds spent executing 0 partial-flushes (flushing a total of 0 entities and 0 collections)
}
2026-06-25T00:14:57.282-03:00  INFO 9415 --- [  restartedMain] i.StatisticalLoggingSessionEventListener : Session Metrics {
    0 nanoseconds spent acquiring 0 JDBC connections;
    0 nanoseconds spent releasing 0 JDBC connections;
    0 nanoseconds spent preparing 0 JDBC statements;
    0 nanoseconds spent executing 0 JDBC statements;
    0 nanoseconds spent executing 0 JDBC batches;
    0 nanoseconds spent performing 0 L2C puts;
    0 nanoseconds spent performing 0 L2C hits;
    0 nanoseconds spent performing 0 L2C misses;
    0 nanoseconds spent executing 0 flushes (flushing a total of 0 entities and 0 collections);
    0 nanoseconds spent executing 0 partial-flushes (flushing a total of 0 entities and 0 collections)
}
2026-06-25T00:14:57.284-03:00  INFO 9415 --- [  restartedMain] i.StatisticalLoggingSessionEventListener : Session Metrics {
    0 nanoseconds spent acquiring 0 JDBC connections;
    0 nanoseconds spent releasing 0 JDBC connections;
    0 nanoseconds spent preparing 0 JDBC statements;
    0 nanoseconds spent executing 0 JDBC statements;
    0 nanoseconds spent executing 0 JDBC batches;
    0 nanoseconds spent performing 0 L2C puts;
    0 nanoseconds spent performing 0 L2C hits;
    0 nanoseconds spent performing 0 L2C misses;
    0 nanoseconds spent executing 0 flushes (flushing a total of 0 entities and 0 collections);
    0 nanoseconds spent executing 0 partial-flushes (flushing a total of 0 entities and 0 collections)
}
2026-06-25T00:14:57.284-03:00  INFO 9415 --- [  restartedMain] i.StatisticalLoggingSessionEventListener : Session Metrics {
    0 nanoseconds spent acquiring 0 JDBC connections;
    0 nanoseconds spent releasing 0 JDBC connections;
    0 nanoseconds spent preparing 0 JDBC statements;
    0 nanoseconds spent executing 0 JDBC statements;
    0 nanoseconds spent executing 0 JDBC batches;
    0 nanoseconds spent performing 0 L2C puts;
    0 nanoseconds spent performing 0 L2C hits;
    0 nanoseconds spent performing 0 L2C misses;
    0 nanoseconds spent executing 0 flushes (flushing a total of 0 entities and 0 collections);
    0 nanoseconds spent executing 0 partial-flushes (flushing a total of 0 entities and 0 collections)
}
2026-06-25T00:14:57.285-03:00  INFO 9415 --- [  restartedMain] i.StatisticalLoggingSessionEventListener : Session Metrics {
    0 nanoseconds spent acquiring 0 JDBC connections;
    0 nanoseconds spent releasing 0 JDBC connections;
    0 nanoseconds spent preparing 0 JDBC statements;
    0 nanoseconds spent executing 0 JDBC statements;
    0 nanoseconds spent executing 0 JDBC batches;
    0 nanoseconds spent performing 0 L2C puts;
    0 nanoseconds spent performing 0 L2C hits;
    0 nanoseconds spent performing 0 L2C misses;
    0 nanoseconds spent executing 0 flushes (flushing a total of 0 entities and 0 collections);
    0 nanoseconds spent executing 0 partial-flushes (flushing a total of 0 entities and 0 collections)
}
2026-06-25T00:14:57.285-03:00  INFO 9415 --- [  restartedMain] i.StatisticalLoggingSessionEventListener : Session Metrics {
    0 nanoseconds spent acquiring 0 JDBC connections;
    0 nanoseconds spent releasing 0 JDBC connections;
    0 nanoseconds spent preparing 0 JDBC statements;
    0 nanoseconds spent executing 0 JDBC statements;
    0 nanoseconds spent executing 0 JDBC batches;
    0 nanoseconds spent performing 0 L2C puts;
    0 nanoseconds spent performing 0 L2C hits;
    0 nanoseconds spent performing 0 L2C misses;
    0 nanoseconds spent executing 0 flushes (flushing a total of 0 entities and 0 collections);
    0 nanoseconds spent executing 0 partial-flushes (flushing a total of 0 entities and 0 collections)
}
2026-06-25T00:14:57.286-03:00  INFO 9415 --- [  restartedMain] i.StatisticalLoggingSessionEventListener : Session Metrics {
    0 nanoseconds spent acquiring 0 JDBC connections;
    0 nanoseconds spent releasing 0 JDBC connections;
    0 nanoseconds spent preparing 0 JDBC statements;
    0 nanoseconds spent executing 0 JDBC statements;
    0 nanoseconds spent executing 0 JDBC batches;
    0 nanoseconds spent performing 0 L2C puts;
    0 nanoseconds spent performing 0 L2C hits;
    0 nanoseconds spent performing 0 L2C misses;
    0 nanoseconds spent executing 0 flushes (flushing a total of 0 entities and 0 collections);
    0 nanoseconds spent executing 0 partial-flushes (flushing a total of 0 entities and 0 collections)
}
2026-06-25T00:14:57.286-03:00  INFO 9415 --- [  restartedMain] i.StatisticalLoggingSessionEventListener : Session Metrics {
    0 nanoseconds spent acquiring 0 JDBC connections;
    0 nanoseconds spent releasing 0 JDBC connections;
    0 nanoseconds spent preparing 0 JDBC statements;
    0 nanoseconds spent executing 0 JDBC statements;
    0 nanoseconds spent executing 0 JDBC batches;
    0 nanoseconds spent performing 0 L2C puts;
    0 nanoseconds spent performing 0 L2C hits;
    0 nanoseconds spent performing 0 L2C misses;
    0 nanoseconds spent executing 0 flushes (flushing a total of 0 entities and 0 collections);
    0 nanoseconds spent executing 0 partial-flushes (flushing a total of 0 entities and 0 collections)
}
2026-06-25T00:14:57.287-03:00  INFO 9415 --- [  restartedMain] i.StatisticalLoggingSessionEventListener : Session Metrics {
    0 nanoseconds spent acquiring 0 JDBC connections;
    0 nanoseconds spent releasing 0 JDBC connections;
    0 nanoseconds spent preparing 0 JDBC statements;
    0 nanoseconds spent executing 0 JDBC statements;
    0 nanoseconds spent executing 0 JDBC batches;
    0 nanoseconds spent performing 0 L2C puts;
    0 nanoseconds spent performing 0 L2C hits;
    0 nanoseconds spent performing 0 L2C misses;
    0 nanoseconds spent executing 0 flushes (flushing a total of 0 entities and 0 collections);
    0 nanoseconds spent executing 0 partial-flushes (flushing a total of 0 entities and 0 collections)
}
2026-06-25T00:14:57.287-03:00  INFO 9415 --- [  restartedMain] i.StatisticalLoggingSessionEventListener : Session Metrics {
    0 nanoseconds spent acquiring 0 JDBC connections;
    0 nanoseconds spent releasing 0 JDBC connections;
    0 nanoseconds spent preparing 0 JDBC statements;
    0 nanoseconds spent executing 0 JDBC statements;
    0 nanoseconds spent executing 0 JDBC batches;
    0 nanoseconds spent performing 0 L2C puts;
    0 nanoseconds spent performing 0 L2C hits;
    0 nanoseconds spent performing 0 L2C misses;
    0 nanoseconds spent executing 0 flushes (flushing a total of 0 entities and 0 collections);
    0 nanoseconds spent executing 0 partial-flushes (flushing a total of 0 entities and 0 collections)
}
2026-06-25T00:14:57.288-03:00  INFO 9415 --- [  restartedMain] i.StatisticalLoggingSessionEventListener : Session Metrics {
    0 nanoseconds spent acquiring 0 JDBC connections;
    0 nanoseconds spent releasing 0 JDBC connections;
    0 nanoseconds spent preparing 0 JDBC statements;
    0 nanoseconds spent executing 0 JDBC statements;
    0 nanoseconds spent executing 0 JDBC batches;
    0 nanoseconds spent performing 0 L2C puts;
    0 nanoseconds spent performing 0 L2C hits;
    0 nanoseconds spent performing 0 L2C misses;
    0 nanoseconds spent executing 0 flushes (flushing a total of 0 entities and 0 collections);
    0 nanoseconds spent executing 0 partial-flushes (flushing a total of 0 entities and 0 collections)
}
2026-06-25T00:14:57.289-03:00  INFO 9415 --- [  restartedMain] i.StatisticalLoggingSessionEventListener : Session Metrics {
    0 nanoseconds spent acquiring 0 JDBC connections;
    0 nanoseconds spent releasing 0 JDBC connections;
    0 nanoseconds spent preparing 0 JDBC statements;
    0 nanoseconds spent executing 0 JDBC statements;
    0 nanoseconds spent executing 0 JDBC batches;
    0 nanoseconds spent performing 0 L2C puts;
    0 nanoseconds spent performing 0 L2C hits;
    0 nanoseconds spent performing 0 L2C misses;
    0 nanoseconds spent executing 0 flushes (flushing a total of 0 entities and 0 collections);
    0 nanoseconds spent executing 0 partial-flushes (flushing a total of 0 entities and 0 collections)
}
2026-06-25T00:14:57.290-03:00  INFO 9415 --- [  restartedMain] i.StatisticalLoggingSessionEventListener : Session Metrics {
    0 nanoseconds spent acquiring 0 JDBC connections;
    0 nanoseconds spent releasing 0 JDBC connections;
    0 nanoseconds spent preparing 0 JDBC statements;
    0 nanoseconds spent executing 0 JDBC statements;
    0 nanoseconds spent executing 0 JDBC batches;
    0 nanoseconds spent performing 0 L2C puts;
    0 nanoseconds spent performing 0 L2C hits;
    0 nanoseconds spent performing 0 L2C misses;
    0 nanoseconds spent executing 0 flushes (flushing a total of 0 entities and 0 collections);
    0 nanoseconds spent executing 0 partial-flushes (flushing a total of 0 entities and 0 collections)
}
2026-06-25T00:14:57.291-03:00  INFO 9415 --- [  restartedMain] i.StatisticalLoggingSessionEventListener : Session Metrics {
    0 nanoseconds spent acquiring 0 JDBC connections;
    0 nanoseconds spent releasing 0 JDBC connections;
    0 nanoseconds spent preparing 0 JDBC statements;
    0 nanoseconds spent executing 0 JDBC statements;
    0 nanoseconds spent executing 0 JDBC batches;
    0 nanoseconds spent performing 0 L2C puts;
    0 nanoseconds spent performing 0 L2C hits;
    0 nanoseconds spent performing 0 L2C misses;
    0 nanoseconds spent executing 0 flushes (flushing a total of 0 entities and 0 collections);
    0 nanoseconds spent executing 0 partial-flushes (flushing a total of 0 entities and 0 collections)
}
2026-06-25T00:14:57.292-03:00  INFO 9415 --- [  restartedMain] i.StatisticalLoggingSessionEventListener : Session Metrics {
    0 nanoseconds spent acquiring 0 JDBC connections;
    0 nanoseconds spent releasing 0 JDBC connections;
    0 nanoseconds spent preparing 0 JDBC statements;
    0 nanoseconds spent executing 0 JDBC statements;
    0 nanoseconds spent executing 0 JDBC batches;
    0 nanoseconds spent performing 0 L2C puts;
    0 nanoseconds spent performing 0 L2C hits;
    0 nanoseconds spent performing 0 L2C misses;
    0 nanoseconds spent executing 0 flushes (flushing a total of 0 entities and 0 collections);
    0 nanoseconds spent executing 0 partial-flushes (flushing a total of 0 entities and 0 collections)
}
2026-06-25T00:14:57.293-03:00  INFO 9415 --- [  restartedMain] i.StatisticalLoggingSessionEventListener : Session Metrics {
    0 nanoseconds spent acquiring 0 JDBC connections;
    0 nanoseconds spent releasing 0 JDBC connections;
    0 nanoseconds spent preparing 0 JDBC statements;
    0 nanoseconds spent executing 0 JDBC statements;
    0 nanoseconds spent executing 0 JDBC batches;
    0 nanoseconds spent performing 0 L2C puts;
    0 nanoseconds spent performing 0 L2C hits;
    0 nanoseconds spent performing 0 L2C misses;
    0 nanoseconds spent executing 0 flushes (flushing a total of 0 entities and 0 collections);
    0 nanoseconds spent executing 0 partial-flushes (flushing a total of 0 entities and 0 collections)
}
2026-06-25T00:14:57.294-03:00  INFO 9415 --- [  restartedMain] i.StatisticalLoggingSessionEventListener : Session Metrics {
    0 nanoseconds spent acquiring 0 JDBC connections;
    0 nanoseconds spent releasing 0 JDBC connections;
    0 nanoseconds spent preparing 0 JDBC statements;
    0 nanoseconds spent executing 0 JDBC statements;
    0 nanoseconds spent executing 0 JDBC batches;
    0 nanoseconds spent performing 0 L2C puts;
    0 nanoseconds spent performing 0 L2C hits;
    0 nanoseconds spent performing 0 L2C misses;
    0 nanoseconds spent executing 0 flushes (flushing a total of 0 entities and 0 collections);
    0 nanoseconds spent executing 0 partial-flushes (flushing a total of 0 entities and 0 collections)
}
2026-06-25T00:14:57.295-03:00  INFO 9415 --- [  restartedMain] i.StatisticalLoggingSessionEventListener : Session Metrics {
    0 nanoseconds spent acquiring 0 JDBC connections;
    0 nanoseconds spent releasing 0 JDBC connections;
    0 nanoseconds spent preparing 0 JDBC statements;
    0 nanoseconds spent executing 0 JDBC statements;
    0 nanoseconds spent executing 0 JDBC batches;
    0 nanoseconds spent performing 0 L2C puts;
    0 nanoseconds spent performing 0 L2C hits;
    0 nanoseconds spent performing 0 L2C misses;
    0 nanoseconds spent executing 0 flushes (flushing a total of 0 entities and 0 collections);
    0 nanoseconds spent executing 0 partial-flushes (flushing a total of 0 entities and 0 collections)
}
2026-06-25T00:14:57.295-03:00  INFO 9415 --- [  restartedMain] i.StatisticalLoggingSessionEventListener : Session Metrics {
    0 nanoseconds spent acquiring 0 JDBC connections;
    0 nanoseconds spent releasing 0 JDBC connections;
    0 nanoseconds spent preparing 0 JDBC statements;
    0 nanoseconds spent executing 0 JDBC statements;
    0 nanoseconds spent executing 0 JDBC batches;
    0 nanoseconds spent performing 0 L2C puts;
    0 nanoseconds spent performing 0 L2C hits;
    0 nanoseconds spent performing 0 L2C misses;
    0 nanoseconds spent executing 0 flushes (flushing a total of 0 entities and 0 collections);
    0 nanoseconds spent executing 0 partial-flushes (flushing a total of 0 entities and 0 collections)
}
2026-06-25T00:14:57.296-03:00  INFO 9415 --- [  restartedMain] i.StatisticalLoggingSessionEventListener : Session Metrics {
    0 nanoseconds spent acquiring 0 JDBC connections;
    0 nanoseconds spent releasing 0 JDBC connections;
    0 nanoseconds spent preparing 0 JDBC statements;
    0 nanoseconds spent executing 0 JDBC statements;
    0 nanoseconds spent executing 0 JDBC batches;
    0 nanoseconds spent performing 0 L2C puts;
    0 nanoseconds spent performing 0 L2C hits;
    0 nanoseconds spent performing 0 L2C misses;
    0 nanoseconds spent executing 0 flushes (flushing a total of 0 entities and 0 collections);
    0 nanoseconds spent executing 0 partial-flushes (flushing a total of 0 entities and 0 collections)
}
2026-06-25T00:14:57.297-03:00  INFO 9415 --- [  restartedMain] i.StatisticalLoggingSessionEventListener : Session Metrics {
    0 nanoseconds spent acquiring 0 JDBC connections;
    0 nanoseconds spent releasing 0 JDBC connections;
    0 nanoseconds spent preparing 0 JDBC statements;
    0 nanoseconds spent executing 0 JDBC statements;
    0 nanoseconds spent executing 0 JDBC batches;
    0 nanoseconds spent performing 0 L2C puts;
    0 nanoseconds spent performing 0 L2C hits;
    0 nanoseconds spent performing 0 L2C misses;
    0 nanoseconds spent executing 0 flushes (flushing a total of 0 entities and 0 collections);
    0 nanoseconds spent executing 0 partial-flushes (flushing a total of 0 entities and 0 collections)
}
2026-06-25T00:14:57.297-03:00  INFO 9415 --- [  restartedMain] i.StatisticalLoggingSessionEventListener : Session Metrics {
    0 nanoseconds spent acquiring 0 JDBC connections;
    0 nanoseconds spent releasing 0 JDBC connections;
    0 nanoseconds spent preparing 0 JDBC statements;
    0 nanoseconds spent executing 0 JDBC statements;
    0 nanoseconds spent executing 0 JDBC batches;
    0 nanoseconds spent performing 0 L2C puts;
    0 nanoseconds spent performing 0 L2C hits;
    0 nanoseconds spent performing 0 L2C misses;
    0 nanoseconds spent executing 0 flushes (flushing a total of 0 entities and 0 collections);
    0 nanoseconds spent executing 0 partial-flushes (flushing a total of 0 entities and 0 collections)
}
2026-06-25T00:14:57.314-03:00  INFO 9415 --- [  restartedMain] i.StatisticalLoggingSessionEventListener : Session Metrics {
    0 nanoseconds spent acquiring 0 JDBC connections;
    0 nanoseconds spent releasing 0 JDBC connections;
    0 nanoseconds spent preparing 0 JDBC statements;
    0 nanoseconds spent executing 0 JDBC statements;
    0 nanoseconds spent executing 0 JDBC batches;
    0 nanoseconds spent performing 0 L2C puts;
    0 nanoseconds spent performing 0 L2C hits;
    0 nanoseconds spent performing 0 L2C misses;
    0 nanoseconds spent executing 0 flushes (flushing a total of 0 entities and 0 collections);
    0 nanoseconds spent executing 0 partial-flushes (flushing a total of 0 entities and 0 collections)
}
2026-06-25T00:14:57.315-03:00  INFO 9415 --- [  restartedMain] i.StatisticalLoggingSessionEventListener : Session Metrics {
    0 nanoseconds spent acquiring 0 JDBC connections;
    0 nanoseconds spent releasing 0 JDBC connections;
    0 nanoseconds spent preparing 0 JDBC statements;
    0 nanoseconds spent executing 0 JDBC statements;
    0 nanoseconds spent executing 0 JDBC batches;
    0 nanoseconds spent performing 0 L2C puts;
    0 nanoseconds spent performing 0 L2C hits;
    0 nanoseconds spent performing 0 L2C misses;
    0 nanoseconds spent executing 0 flushes (flushing a total of 0 entities and 0 collections);
    0 nanoseconds spent executing 0 partial-flushes (flushing a total of 0 entities and 0 collections)
}
2026-06-25T00:14:57.319-03:00  INFO 9415 --- [  restartedMain] i.StatisticalLoggingSessionEventListener : Session Metrics {
    0 nanoseconds spent acquiring 0 JDBC connections;
    0 nanoseconds spent releasing 0 JDBC connections;
    0 nanoseconds spent preparing 0 JDBC statements;
    0 nanoseconds spent executing 0 JDBC statements;
    0 nanoseconds spent executing 0 JDBC batches;
    0 nanoseconds spent performing 0 L2C puts;
    0 nanoseconds spent performing 0 L2C hits;
    0 nanoseconds spent performing 0 L2C misses;
    0 nanoseconds spent executing 0 flushes (flushing a total of 0 entities and 0 collections);
    0 nanoseconds spent executing 0 partial-flushes (flushing a total of 0 entities and 0 collections)
}
2026-06-25T00:14:57.319-03:00  INFO 9415 --- [  restartedMain] i.StatisticalLoggingSessionEventListener : Session Metrics {
    0 nanoseconds spent acquiring 0 JDBC connections;
    0 nanoseconds spent releasing 0 JDBC connections;
    0 nanoseconds spent preparing 0 JDBC statements;
    0 nanoseconds spent executing 0 JDBC statements;
    0 nanoseconds spent executing 0 JDBC batches;
    0 nanoseconds spent performing 0 L2C puts;
    0 nanoseconds spent performing 0 L2C hits;
    0 nanoseconds spent performing 0 L2C misses;
    0 nanoseconds spent executing 0 flushes (flushing a total of 0 entities and 0 collections);
    0 nanoseconds spent executing 0 partial-flushes (flushing a total of 0 entities and 0 collections)
}
2026-06-25T00:14:57.334-03:00  INFO 9415 --- [  restartedMain] i.StatisticalLoggingSessionEventListener : Session Metrics {
    0 nanoseconds spent acquiring 0 JDBC connections;
    0 nanoseconds spent releasing 0 JDBC connections;
    0 nanoseconds spent preparing 0 JDBC statements;
    0 nanoseconds spent executing 0 JDBC statements;
    0 nanoseconds spent executing 0 JDBC batches;
    0 nanoseconds spent performing 0 L2C puts;
    0 nanoseconds spent performing 0 L2C hits;
    0 nanoseconds spent performing 0 L2C misses;
    0 nanoseconds spent executing 0 flushes (flushing a total of 0 entities and 0 collections);
    0 nanoseconds spent executing 0 partial-flushes (flushing a total of 0 entities and 0 collections)
}
2026-06-25T00:14:57.334-03:00  INFO 9415 --- [  restartedMain] i.StatisticalLoggingSessionEventListener : Session Metrics {
    0 nanoseconds spent acquiring 0 JDBC connections;
    0 nanoseconds spent releasing 0 JDBC connections;
    0 nanoseconds spent preparing 0 JDBC statements;
    0 nanoseconds spent executing 0 JDBC statements;
    0 nanoseconds spent executing 0 JDBC batches;
    0 nanoseconds spent performing 0 L2C puts;
    0 nanoseconds spent performing 0 L2C hits;
    0 nanoseconds spent performing 0 L2C misses;
    0 nanoseconds spent executing 0 flushes (flushing a total of 0 entities and 0 collections);
    0 nanoseconds spent executing 0 partial-flushes (flushing a total of 0 entities and 0 collections)
}
2026-06-25T00:14:57.335-03:00  INFO 9415 --- [  restartedMain] i.StatisticalLoggingSessionEventListener : Session Metrics {
    0 nanoseconds spent acquiring 0 JDBC connections;
    0 nanoseconds spent releasing 0 JDBC connections;
    0 nanoseconds spent preparing 0 JDBC statements;
    0 nanoseconds spent executing 0 JDBC statements;
    0 nanoseconds spent executing 0 JDBC batches;
    0 nanoseconds spent performing 0 L2C puts;
    0 nanoseconds spent performing 0 L2C hits;
    0 nanoseconds spent performing 0 L2C misses;
    0 nanoseconds spent executing 0 flushes (flushing a total of 0 entities and 0 collections);
    0 nanoseconds spent executing 0 partial-flushes (flushing a total of 0 entities and 0 collections)
}
2026-06-25T00:14:57.342-03:00  INFO 9415 --- [  restartedMain] i.StatisticalLoggingSessionEventListener : Session Metrics {
    0 nanoseconds spent acquiring 0 JDBC connections;
    0 nanoseconds spent releasing 0 JDBC connections;
    0 nanoseconds spent preparing 0 JDBC statements;
    0 nanoseconds spent executing 0 JDBC statements;
    0 nanoseconds spent executing 0 JDBC batches;
    0 nanoseconds spent performing 0 L2C puts;
    0 nanoseconds spent performing 0 L2C hits;
    0 nanoseconds spent performing 0 L2C misses;
    0 nanoseconds spent executing 0 flushes (flushing a total of 0 entities and 0 collections);
    0 nanoseconds spent executing 0 partial-flushes (flushing a total of 0 entities and 0 collections)
}
2026-06-25T00:14:57.343-03:00  INFO 9415 --- [  restartedMain] i.StatisticalLoggingSessionEventListener : Session Metrics {
    0 nanoseconds spent acquiring 0 JDBC connections;
    0 nanoseconds spent releasing 0 JDBC connections;
    0 nanoseconds spent preparing 0 JDBC statements;
    0 nanoseconds spent executing 0 JDBC statements;
    0 nanoseconds spent executing 0 JDBC batches;
    0 nanoseconds spent performing 0 L2C puts;
    0 nanoseconds spent performing 0 L2C hits;
    0 nanoseconds spent performing 0 L2C misses;
    0 nanoseconds spent executing 0 flushes (flushing a total of 0 entities and 0 collections);
    0 nanoseconds spent executing 0 partial-flushes (flushing a total of 0 entities and 0 collections)
}
2026-06-25T00:14:57.362-03:00  INFO 9415 --- [  restartedMain] i.StatisticalLoggingSessionEventListener : Session Metrics {
    0 nanoseconds spent acquiring 0 JDBC connections;
    0 nanoseconds spent releasing 0 JDBC connections;
    0 nanoseconds spent preparing 0 JDBC statements;
    0 nanoseconds spent executing 0 JDBC statements;
    0 nanoseconds spent executing 0 JDBC batches;
    0 nanoseconds spent performing 0 L2C puts;
    0 nanoseconds spent performing 0 L2C hits;
    0 nanoseconds spent performing 0 L2C misses;
    0 nanoseconds spent executing 0 flushes (flushing a total of 0 entities and 0 collections);
    0 nanoseconds spent executing 0 partial-flushes (flushing a total of 0 entities and 0 collections)
}
2026-06-25T00:14:57.363-03:00  INFO 9415 --- [  restartedMain] i.StatisticalLoggingSessionEventListener : Session Metrics {
    0 nanoseconds spent acquiring 0 JDBC connections;
    0 nanoseconds spent releasing 0 JDBC connections;
    0 nanoseconds spent preparing 0 JDBC statements;
    0 nanoseconds spent executing 0 JDBC statements;
    0 nanoseconds spent executing 0 JDBC batches;
    0 nanoseconds spent performing 0 L2C puts;
    0 nanoseconds spent performing 0 L2C hits;
    0 nanoseconds spent performing 0 L2C misses;
    0 nanoseconds spent executing 0 flushes (flushing a total of 0 entities and 0 collections);
    0 nanoseconds spent executing 0 partial-flushes (flushing a total of 0 entities and 0 collections)
}
2026-06-25T00:14:57.363-03:00  INFO 9415 --- [  restartedMain] i.StatisticalLoggingSessionEventListener : Session Metrics {
    0 nanoseconds spent acquiring 0 JDBC connections;
    0 nanoseconds spent releasing 0 JDBC connections;
    0 nanoseconds spent preparing 0 JDBC statements;
    0 nanoseconds spent executing 0 JDBC statements;
    0 nanoseconds spent executing 0 JDBC batches;
    0 nanoseconds spent performing 0 L2C puts;
    0 nanoseconds spent performing 0 L2C hits;
    0 nanoseconds spent performing 0 L2C misses;
    0 nanoseconds spent executing 0 flushes (flushing a total of 0 entities and 0 collections);
    0 nanoseconds spent executing 0 partial-flushes (flushing a total of 0 entities and 0 collections)
}
2026-06-25T00:14:57.366-03:00  INFO 9415 --- [  restartedMain] i.StatisticalLoggingSessionEventListener : Session Metrics {
    0 nanoseconds spent acquiring 0 JDBC connections;
    0 nanoseconds spent releasing 0 JDBC connections;
    0 nanoseconds spent preparing 0 JDBC statements;
    0 nanoseconds spent executing 0 JDBC statements;
    0 nanoseconds spent executing 0 JDBC batches;
    0 nanoseconds spent performing 0 L2C puts;
    0 nanoseconds spent performing 0 L2C hits;
    0 nanoseconds spent performing 0 L2C misses;
    0 nanoseconds spent executing 0 flushes (flushing a total of 0 entities and 0 collections);
    0 nanoseconds spent executing 0 partial-flushes (flushing a total of 0 entities and 0 collections)
}
2026-06-25T00:14:57.366-03:00  INFO 9415 --- [  restartedMain] i.StatisticalLoggingSessionEventListener : Session Metrics {
    0 nanoseconds spent acquiring 0 JDBC connections;
    0 nanoseconds spent releasing 0 JDBC connections;
    0 nanoseconds spent preparing 0 JDBC statements;
    0 nanoseconds spent executing 0 JDBC statements;
    0 nanoseconds spent executing 0 JDBC batches;
    0 nanoseconds spent performing 0 L2C puts;
    0 nanoseconds spent performing 0 L2C hits;
    0 nanoseconds spent performing 0 L2C misses;
    0 nanoseconds spent executing 0 flushes (flushing a total of 0 entities and 0 collections);
    0 nanoseconds spent executing 0 partial-flushes (flushing a total of 0 entities and 0 collections)
}
2026-06-25T00:14:57.377-03:00  INFO 9415 --- [  restartedMain] i.StatisticalLoggingSessionEventListener : Session Metrics {
    0 nanoseconds spent acquiring 0 JDBC connections;
    0 nanoseconds spent releasing 0 JDBC connections;
    0 nanoseconds spent preparing 0 JDBC statements;
    0 nanoseconds spent executing 0 JDBC statements;
    0 nanoseconds spent executing 0 JDBC batches;
    0 nanoseconds spent performing 0 L2C puts;
    0 nanoseconds spent performing 0 L2C hits;
    0 nanoseconds spent performing 0 L2C misses;
    0 nanoseconds spent executing 0 flushes (flushing a total of 0 entities and 0 collections);
    0 nanoseconds spent executing 0 partial-flushes (flushing a total of 0 entities and 0 collections)
}
2026-06-25T00:14:57.378-03:00  INFO 9415 --- [  restartedMain] i.StatisticalLoggingSessionEventListener : Session Metrics {
    0 nanoseconds spent acquiring 0 JDBC connections;
    0 nanoseconds spent releasing 0 JDBC connections;
    0 nanoseconds spent preparing 0 JDBC statements;
    0 nanoseconds spent executing 0 JDBC statements;
    0 nanoseconds spent executing 0 JDBC batches;
    0 nanoseconds spent performing 0 L2C puts;
    0 nanoseconds spent performing 0 L2C hits;
    0 nanoseconds spent performing 0 L2C misses;
    0 nanoseconds spent executing 0 flushes (flushing a total of 0 entities and 0 collections);
    0 nanoseconds spent executing 0 partial-flushes (flushing a total of 0 entities and 0 collections)
}
2026-06-25T00:14:57.380-03:00  INFO 9415 --- [  restartedMain] i.StatisticalLoggingSessionEventListener : Session Metrics {
    0 nanoseconds spent acquiring 0 JDBC connections;
    0 nanoseconds spent releasing 0 JDBC connections;
    0 nanoseconds spent preparing 0 JDBC statements;
    0 nanoseconds spent executing 0 JDBC statements;
    0 nanoseconds spent executing 0 JDBC batches;
    0 nanoseconds spent performing 0 L2C puts;
    0 nanoseconds spent performing 0 L2C hits;
    0 nanoseconds spent performing 0 L2C misses;
    0 nanoseconds spent executing 0 flushes (flushing a total of 0 entities and 0 collections);
    0 nanoseconds spent executing 0 partial-flushes (flushing a total of 0 entities and 0 collections)
}
2026-06-25T00:14:57.380-03:00  INFO 9415 --- [  restartedMain] i.StatisticalLoggingSessionEventListener : Session Metrics {
    0 nanoseconds spent acquiring 0 JDBC connections;
    0 nanoseconds spent releasing 0 JDBC connections;
    0 nanoseconds spent preparing 0 JDBC statements;
    0 nanoseconds spent executing 0 JDBC statements;
    0 nanoseconds spent executing 0 JDBC batches;
    0 nanoseconds spent performing 0 L2C puts;
    0 nanoseconds spent performing 0 L2C hits;
    0 nanoseconds spent performing 0 L2C misses;
    0 nanoseconds spent executing 0 flushes (flushing a total of 0 entities and 0 collections);
    0 nanoseconds spent executing 0 partial-flushes (flushing a total of 0 entities and 0 collections)
}
2026-06-25T00:14:57.382-03:00  INFO 9415 --- [  restartedMain] i.StatisticalLoggingSessionEventListener : Session Metrics {
    0 nanoseconds spent acquiring 0 JDBC connections;
    0 nanoseconds spent releasing 0 JDBC connections;
    0 nanoseconds spent preparing 0 JDBC statements;
    0 nanoseconds spent executing 0 JDBC statements;
    0 nanoseconds spent executing 0 JDBC batches;
    0 nanoseconds spent performing 0 L2C puts;
    0 nanoseconds spent performing 0 L2C hits;
    0 nanoseconds spent performing 0 L2C misses;
    0 nanoseconds spent executing 0 flushes (flushing a total of 0 entities and 0 collections);
    0 nanoseconds spent executing 0 partial-flushes (flushing a total of 0 entities and 0 collections)
}
2026-06-25T00:14:57.382-03:00  INFO 9415 --- [  restartedMain] i.StatisticalLoggingSessionEventListener : Session Metrics {
    0 nanoseconds spent acquiring 0 JDBC connections;
    0 nanoseconds spent releasing 0 JDBC connections;
    0 nanoseconds spent preparing 0 JDBC statements;
    0 nanoseconds spent executing 0 JDBC statements;
    0 nanoseconds spent executing 0 JDBC batches;
    0 nanoseconds spent performing 0 L2C puts;
    0 nanoseconds spent performing 0 L2C hits;
    0 nanoseconds spent performing 0 L2C misses;
    0 nanoseconds spent executing 0 flushes (flushing a total of 0 entities and 0 collections);
    0 nanoseconds spent executing 0 partial-flushes (flushing a total of 0 entities and 0 collections)
}
2026-06-25T00:14:57.383-03:00  INFO 9415 --- [  restartedMain] i.StatisticalLoggingSessionEventListener : Session Metrics {
    0 nanoseconds spent acquiring 0 JDBC connections;
    0 nanoseconds spent releasing 0 JDBC connections;
    0 nanoseconds spent preparing 0 JDBC statements;
    0 nanoseconds spent executing 0 JDBC statements;
    0 nanoseconds spent executing 0 JDBC batches;
    0 nanoseconds spent performing 0 L2C puts;
    0 nanoseconds spent performing 0 L2C hits;
    0 nanoseconds spent performing 0 L2C misses;
    0 nanoseconds spent executing 0 flushes (flushing a total of 0 entities and 0 collections);
    0 nanoseconds spent executing 0 partial-flushes (flushing a total of 0 entities and 0 collections)
}
2026-06-25T00:14:57.391-03:00  INFO 9415 --- [  restartedMain] i.StatisticalLoggingSessionEventListener : Session Metrics {
    0 nanoseconds spent acquiring 0 JDBC connections;
    0 nanoseconds spent releasing 0 JDBC connections;
    0 nanoseconds spent preparing 0 JDBC statements;
    0 nanoseconds spent executing 0 JDBC statements;
    0 nanoseconds spent executing 0 JDBC batches;
    0 nanoseconds spent performing 0 L2C puts;
    0 nanoseconds spent performing 0 L2C hits;
    0 nanoseconds spent performing 0 L2C misses;
    0 nanoseconds spent executing 0 flushes (flushing a total of 0 entities and 0 collections);
    0 nanoseconds spent executing 0 partial-flushes (flushing a total of 0 entities and 0 collections)
}
2026-06-25T00:14:57.392-03:00  INFO 9415 --- [  restartedMain] i.StatisticalLoggingSessionEventListener : Session Metrics {
    0 nanoseconds spent acquiring 0 JDBC connections;
    0 nanoseconds spent releasing 0 JDBC connections;
    0 nanoseconds spent preparing 0 JDBC statements;
    0 nanoseconds spent executing 0 JDBC statements;
    0 nanoseconds spent executing 0 JDBC batches;
    0 nanoseconds spent performing 0 L2C puts;
    0 nanoseconds spent performing 0 L2C hits;
    0 nanoseconds spent performing 0 L2C misses;
    0 nanoseconds spent executing 0 flushes (flushing a total of 0 entities and 0 collections);
    0 nanoseconds spent executing 0 partial-flushes (flushing a total of 0 entities and 0 collections)
}
2026-06-25T00:14:57.393-03:00  INFO 9415 --- [  restartedMain] i.StatisticalLoggingSessionEventListener : Session Metrics {
    0 nanoseconds spent acquiring 0 JDBC connections;
    0 nanoseconds spent releasing 0 JDBC connections;
    0 nanoseconds spent preparing 0 JDBC statements;
    0 nanoseconds spent executing 0 JDBC statements;
    0 nanoseconds spent executing 0 JDBC batches;
    0 nanoseconds spent performing 0 L2C puts;
    0 nanoseconds spent performing 0 L2C hits;
    0 nanoseconds spent performing 0 L2C misses;
    0 nanoseconds spent executing 0 flushes (flushing a total of 0 entities and 0 collections);
    0 nanoseconds spent executing 0 partial-flushes (flushing a total of 0 entities and 0 collections)
}
2026-06-25T00:14:57.394-03:00  INFO 9415 --- [  restartedMain] i.StatisticalLoggingSessionEventListener : Session Metrics {
    0 nanoseconds spent acquiring 0 JDBC connections;
    0 nanoseconds spent releasing 0 JDBC connections;
    0 nanoseconds spent preparing 0 JDBC statements;
    0 nanoseconds spent executing 0 JDBC statements;
    0 nanoseconds spent executing 0 JDBC batches;
    0 nanoseconds spent performing 0 L2C puts;
    0 nanoseconds spent performing 0 L2C hits;
    0 nanoseconds spent performing 0 L2C misses;
    0 nanoseconds spent executing 0 flushes (flushing a total of 0 entities and 0 collections);
    0 nanoseconds spent executing 0 partial-flushes (flushing a total of 0 entities and 0 collections)
}
2026-06-25T00:14:57.394-03:00  INFO 9415 --- [  restartedMain] i.StatisticalLoggingSessionEventListener : Session Metrics {
    0 nanoseconds spent acquiring 0 JDBC connections;
    0 nanoseconds spent releasing 0 JDBC connections;
    0 nanoseconds spent preparing 0 JDBC statements;
    0 nanoseconds spent executing 0 JDBC statements;
    0 nanoseconds spent executing 0 JDBC batches;
    0 nanoseconds spent performing 0 L2C puts;
    0 nanoseconds spent performing 0 L2C hits;
    0 nanoseconds spent performing 0 L2C misses;
    0 nanoseconds spent executing 0 flushes (flushing a total of 0 entities and 0 collections);
    0 nanoseconds spent executing 0 partial-flushes (flushing a total of 0 entities and 0 collections)
}
2026-06-25T00:14:57.395-03:00  INFO 9415 --- [  restartedMain] i.StatisticalLoggingSessionEventListener : Session Metrics {
    0 nanoseconds spent acquiring 0 JDBC connections;
    0 nanoseconds spent releasing 0 JDBC connections;
    0 nanoseconds spent preparing 0 JDBC statements;
    0 nanoseconds spent executing 0 JDBC statements;
    0 nanoseconds spent executing 0 JDBC batches;
    0 nanoseconds spent performing 0 L2C puts;
    0 nanoseconds spent performing 0 L2C hits;
    0 nanoseconds spent performing 0 L2C misses;
    0 nanoseconds spent executing 0 flushes (flushing a total of 0 entities and 0 collections);
    0 nanoseconds spent executing 0 partial-flushes (flushing a total of 0 entities and 0 collections)
}
2026-06-25T00:14:57.395-03:00  INFO 9415 --- [  restartedMain] i.StatisticalLoggingSessionEventListener : Session Metrics {
    0 nanoseconds spent acquiring 0 JDBC connections;
    0 nanoseconds spent releasing 0 JDBC connections;
    0 nanoseconds spent preparing 0 JDBC statements;
    0 nanoseconds spent executing 0 JDBC statements;
    0 nanoseconds spent executing 0 JDBC batches;
    0 nanoseconds spent performing 0 L2C puts;
    0 nanoseconds spent performing 0 L2C hits;
    0 nanoseconds spent performing 0 L2C misses;
    0 nanoseconds spent executing 0 flushes (flushing a total of 0 entities and 0 collections);
    0 nanoseconds spent executing 0 partial-flushes (flushing a total of 0 entities and 0 collections)
}
2026-06-25T00:14:57.403-03:00  INFO 9415 --- [  restartedMain] i.StatisticalLoggingSessionEventListener : Session Metrics {
    0 nanoseconds spent acquiring 0 JDBC connections;
    0 nanoseconds spent releasing 0 JDBC connections;
    0 nanoseconds spent preparing 0 JDBC statements;
    0 nanoseconds spent executing 0 JDBC statements;
    0 nanoseconds spent executing 0 JDBC batches;
    0 nanoseconds spent performing 0 L2C puts;
    0 nanoseconds spent performing 0 L2C hits;
    0 nanoseconds spent performing 0 L2C misses;
    0 nanoseconds spent executing 0 flushes (flushing a total of 0 entities and 0 collections);
    0 nanoseconds spent executing 0 partial-flushes (flushing a total of 0 entities and 0 collections)
}
2026-06-25T00:14:57.403-03:00  INFO 9415 --- [  restartedMain] i.StatisticalLoggingSessionEventListener : Session Metrics {
    0 nanoseconds spent acquiring 0 JDBC connections;
    0 nanoseconds spent releasing 0 JDBC connections;
    0 nanoseconds spent preparing 0 JDBC statements;
    0 nanoseconds spent executing 0 JDBC statements;
    0 nanoseconds spent executing 0 JDBC batches;
    0 nanoseconds spent performing 0 L2C puts;
    0 nanoseconds spent performing 0 L2C hits;
    0 nanoseconds spent performing 0 L2C misses;
    0 nanoseconds spent executing 0 flushes (flushing a total of 0 entities and 0 collections);
    0 nanoseconds spent executing 0 partial-flushes (flushing a total of 0 entities and 0 collections)
}
2026-06-25T00:14:57.404-03:00  INFO 9415 --- [  restartedMain] i.StatisticalLoggingSessionEventListener : Session Metrics {
    0 nanoseconds spent acquiring 0 JDBC connections;
    0 nanoseconds spent releasing 0 JDBC connections;
    0 nanoseconds spent preparing 0 JDBC statements;
    0 nanoseconds spent executing 0 JDBC statements;
    0 nanoseconds spent executing 0 JDBC batches;
    0 nanoseconds spent performing 0 L2C puts;
    0 nanoseconds spent performing 0 L2C hits;
    0 nanoseconds spent performing 0 L2C misses;
    0 nanoseconds spent executing 0 flushes (flushing a total of 0 entities and 0 collections);
    0 nanoseconds spent executing 0 partial-flushes (flushing a total of 0 entities and 0 collections)
}
2026-06-25T00:14:57.405-03:00  INFO 9415 --- [  restartedMain] i.StatisticalLoggingSessionEventListener : Session Metrics {
    0 nanoseconds spent acquiring 0 JDBC connections;
    0 nanoseconds spent releasing 0 JDBC connections;
    0 nanoseconds spent preparing 0 JDBC statements;
    0 nanoseconds spent executing 0 JDBC statements;
    0 nanoseconds spent executing 0 JDBC batches;
    0 nanoseconds spent performing 0 L2C puts;
    0 nanoseconds spent performing 0 L2C hits;
    0 nanoseconds spent performing 0 L2C misses;
    0 nanoseconds spent executing 0 flushes (flushing a total of 0 entities and 0 collections);
    0 nanoseconds spent executing 0 partial-flushes (flushing a total of 0 entities and 0 collections)
}
2026-06-25T00:14:57.412-03:00  INFO 9415 --- [  restartedMain] i.StatisticalLoggingSessionEventListener : Session Metrics {
    0 nanoseconds spent acquiring 0 JDBC connections;
    0 nanoseconds spent releasing 0 JDBC connections;
    0 nanoseconds spent preparing 0 JDBC statements;
    0 nanoseconds spent executing 0 JDBC statements;
    0 nanoseconds spent executing 0 JDBC batches;
    0 nanoseconds spent performing 0 L2C puts;
    0 nanoseconds spent performing 0 L2C hits;
    0 nanoseconds spent performing 0 L2C misses;
    0 nanoseconds spent executing 0 flushes (flushing a total of 0 entities and 0 collections);
    0 nanoseconds spent executing 0 partial-flushes (flushing a total of 0 entities and 0 collections)
}
2026-06-25T00:14:57.413-03:00  INFO 9415 --- [  restartedMain] i.StatisticalLoggingSessionEventListener : Session Metrics {
    0 nanoseconds spent acquiring 0 JDBC connections;
    0 nanoseconds spent releasing 0 JDBC connections;
    0 nanoseconds spent preparing 0 JDBC statements;
    0 nanoseconds spent executing 0 JDBC statements;
    0 nanoseconds spent executing 0 JDBC batches;
    0 nanoseconds spent performing 0 L2C puts;
    0 nanoseconds spent performing 0 L2C hits;
    0 nanoseconds spent performing 0 L2C misses;
    0 nanoseconds spent executing 0 flushes (flushing a total of 0 entities and 0 collections);
    0 nanoseconds spent executing 0 partial-flushes (flushing a total of 0 entities and 0 collections)
}
2026-06-25T00:14:57.416-03:00  INFO 9415 --- [  restartedMain] i.StatisticalLoggingSessionEventListener : Session Metrics {
    0 nanoseconds spent acquiring 0 JDBC connections;
    0 nanoseconds spent releasing 0 JDBC connections;
    0 nanoseconds spent preparing 0 JDBC statements;
    0 nanoseconds spent executing 0 JDBC statements;
    0 nanoseconds spent executing 0 JDBC batches;
    0 nanoseconds spent performing 0 L2C puts;
    0 nanoseconds spent performing 0 L2C hits;
    0 nanoseconds spent performing 0 L2C misses;
    0 nanoseconds spent executing 0 flushes (flushing a total of 0 entities and 0 collections);
    0 nanoseconds spent executing 0 partial-flushes (flushing a total of 0 entities and 0 collections)
}
2026-06-25T00:14:57.416-03:00  INFO 9415 --- [  restartedMain] i.StatisticalLoggingSessionEventListener : Session Metrics {
    0 nanoseconds spent acquiring 0 JDBC connections;
    0 nanoseconds spent releasing 0 JDBC connections;
    0 nanoseconds spent preparing 0 JDBC statements;
    0 nanoseconds spent executing 0 JDBC statements;
    0 nanoseconds spent executing 0 JDBC batches;
    0 nanoseconds spent performing 0 L2C puts;
    0 nanoseconds spent performing 0 L2C hits;
    0 nanoseconds spent performing 0 L2C misses;
    0 nanoseconds spent executing 0 flushes (flushing a total of 0 entities and 0 collections);
    0 nanoseconds spent executing 0 partial-flushes (flushing a total of 0 entities and 0 collections)
}
2026-06-25T00:14:57.417-03:00  INFO 9415 --- [  restartedMain] i.StatisticalLoggingSessionEventListener : Session Metrics {
    0 nanoseconds spent acquiring 0 JDBC connections;
    0 nanoseconds spent releasing 0 JDBC connections;
    0 nanoseconds spent preparing 0 JDBC statements;
    0 nanoseconds spent executing 0 JDBC statements;
    0 nanoseconds spent executing 0 JDBC batches;
    0 nanoseconds spent performing 0 L2C puts;
    0 nanoseconds spent performing 0 L2C hits;
    0 nanoseconds spent performing 0 L2C misses;
    0 nanoseconds spent executing 0 flushes (flushing a total of 0 entities and 0 collections);
    0 nanoseconds spent executing 0 partial-flushes (flushing a total of 0 entities and 0 collections)
}
2026-06-25T00:14:57.418-03:00  INFO 9415 --- [  restartedMain] i.StatisticalLoggingSessionEventListener : Session Metrics {
    0 nanoseconds spent acquiring 0 JDBC connections;
    0 nanoseconds spent releasing 0 JDBC connections;
    0 nanoseconds spent preparing 0 JDBC statements;
    0 nanoseconds spent executing 0 JDBC statements;
    0 nanoseconds spent executing 0 JDBC batches;
    0 nanoseconds spent performing 0 L2C puts;
    0 nanoseconds spent performing 0 L2C hits;
    0 nanoseconds spent performing 0 L2C misses;
    0 nanoseconds spent executing 0 flushes (flushing a total of 0 entities and 0 collections);
    0 nanoseconds spent executing 0 partial-flushes (flushing a total of 0 entities and 0 collections)
}
2026-06-25T00:14:57.418-03:00  INFO 9415 --- [  restartedMain] i.StatisticalLoggingSessionEventListener : Session Metrics {
    0 nanoseconds spent acquiring 0 JDBC connections;
    0 nanoseconds spent releasing 0 JDBC connections;
    0 nanoseconds spent preparing 0 JDBC statements;
    0 nanoseconds spent executing 0 JDBC statements;
    0 nanoseconds spent executing 0 JDBC batches;
    0 nanoseconds spent performing 0 L2C puts;
    0 nanoseconds spent performing 0 L2C hits;
    0 nanoseconds spent performing 0 L2C misses;
    0 nanoseconds spent executing 0 flushes (flushing a total of 0 entities and 0 collections);
    0 nanoseconds spent executing 0 partial-flushes (flushing a total of 0 entities and 0 collections)
}
2026-06-25T00:14:57.419-03:00  INFO 9415 --- [  restartedMain] i.StatisticalLoggingSessionEventListener : Session Metrics {
    0 nanoseconds spent acquiring 0 JDBC connections;
    0 nanoseconds spent releasing 0 JDBC connections;
    0 nanoseconds spent preparing 0 JDBC statements;
    0 nanoseconds spent executing 0 JDBC statements;
    0 nanoseconds spent executing 0 JDBC batches;
    0 nanoseconds spent performing 0 L2C puts;
    0 nanoseconds spent performing 0 L2C hits;
    0 nanoseconds spent performing 0 L2C misses;
    0 nanoseconds spent executing 0 flushes (flushing a total of 0 entities and 0 collections);
    0 nanoseconds spent executing 0 partial-flushes (flushing a total of 0 entities and 0 collections)
}
2026-06-25T00:14:57.420-03:00  INFO 9415 --- [  restartedMain] i.StatisticalLoggingSessionEventListener : Session Metrics {
    0 nanoseconds spent acquiring 0 JDBC connections;
    0 nanoseconds spent releasing 0 JDBC connections;
    0 nanoseconds spent preparing 0 JDBC statements;
    0 nanoseconds spent executing 0 JDBC statements;
    0 nanoseconds spent executing 0 JDBC batches;
    0 nanoseconds spent performing 0 L2C puts;
    0 nanoseconds spent performing 0 L2C hits;
    0 nanoseconds spent performing 0 L2C misses;
    0 nanoseconds spent executing 0 flushes (flushing a total of 0 entities and 0 collections);
    0 nanoseconds spent executing 0 partial-flushes (flushing a total of 0 entities and 0 collections)
}
2026-06-25T00:14:57.421-03:00  INFO 9415 --- [  restartedMain] i.StatisticalLoggingSessionEventListener : Session Metrics {
    0 nanoseconds spent acquiring 0 JDBC connections;
    0 nanoseconds spent releasing 0 JDBC connections;
    0 nanoseconds spent preparing 0 JDBC statements;
    0 nanoseconds spent executing 0 JDBC statements;
    0 nanoseconds spent executing 0 JDBC batches;
    0 nanoseconds spent performing 0 L2C puts;
    0 nanoseconds spent performing 0 L2C hits;
    0 nanoseconds spent performing 0 L2C misses;
    0 nanoseconds spent executing 0 flushes (flushing a total of 0 entities and 0 collections);
    0 nanoseconds spent executing 0 partial-flushes (flushing a total of 0 entities and 0 collections)
}
2026-06-25T00:14:57.421-03:00  INFO 9415 --- [  restartedMain] i.StatisticalLoggingSessionEventListener : Session Metrics {
    0 nanoseconds spent acquiring 0 JDBC connections;
    0 nanoseconds spent releasing 0 JDBC connections;
    0 nanoseconds spent preparing 0 JDBC statements;
    0 nanoseconds spent executing 0 JDBC statements;
    0 nanoseconds spent executing 0 JDBC batches;
    0 nanoseconds spent performing 0 L2C puts;
    0 nanoseconds spent performing 0 L2C hits;
    0 nanoseconds spent performing 0 L2C misses;
    0 nanoseconds spent executing 0 flushes (flushing a total of 0 entities and 0 collections);
    0 nanoseconds spent executing 0 partial-flushes (flushing a total of 0 entities and 0 collections)
}
2026-06-25T00:14:57.421-03:00  INFO 9415 --- [  restartedMain] i.StatisticalLoggingSessionEventListener : Session Metrics {
    0 nanoseconds spent acquiring 0 JDBC connections;
    0 nanoseconds spent releasing 0 JDBC connections;
    0 nanoseconds spent preparing 0 JDBC statements;
    0 nanoseconds spent executing 0 JDBC statements;
    0 nanoseconds spent executing 0 JDBC batches;
    0 nanoseconds spent performing 0 L2C puts;
    0 nanoseconds spent performing 0 L2C hits;
    0 nanoseconds spent performing 0 L2C misses;
    0 nanoseconds spent executing 0 flushes (flushing a total of 0 entities and 0 collections);
    0 nanoseconds spent executing 0 partial-flushes (flushing a total of 0 entities and 0 collections)
}
2026-06-25T00:14:57.423-03:00  INFO 9415 --- [  restartedMain] i.StatisticalLoggingSessionEventListener : Session Metrics {
    0 nanoseconds spent acquiring 0 JDBC connections;
    0 nanoseconds spent releasing 0 JDBC connections;
    0 nanoseconds spent preparing 0 JDBC statements;
    0 nanoseconds spent executing 0 JDBC statements;
    0 nanoseconds spent executing 0 JDBC batches;
    0 nanoseconds spent performing 0 L2C puts;
    0 nanoseconds spent performing 0 L2C hits;
    0 nanoseconds spent performing 0 L2C misses;
    0 nanoseconds spent executing 0 flushes (flushing a total of 0 entities and 0 collections);
    0 nanoseconds spent executing 0 partial-flushes (flushing a total of 0 entities and 0 collections)
}
2026-06-25T00:14:57.423-03:00  INFO 9415 --- [  restartedMain] i.StatisticalLoggingSessionEventListener : Session Metrics {
    0 nanoseconds spent acquiring 0 JDBC connections;
    0 nanoseconds spent releasing 0 JDBC connections;
    0 nanoseconds spent preparing 0 JDBC statements;
    0 nanoseconds spent executing 0 JDBC statements;
    0 nanoseconds spent executing 0 JDBC batches;
    0 nanoseconds spent performing 0 L2C puts;
    0 nanoseconds spent performing 0 L2C hits;
    0 nanoseconds spent performing 0 L2C misses;
    0 nanoseconds spent executing 0 flushes (flushing a total of 0 entities and 0 collections);
    0 nanoseconds spent executing 0 partial-flushes (flushing a total of 0 entities and 0 collections)
}
2026-06-25T00:14:57.426-03:00  INFO 9415 --- [  restartedMain] i.StatisticalLoggingSessionEventListener : Session Metrics {
    0 nanoseconds spent acquiring 0 JDBC connections;
    0 nanoseconds spent releasing 0 JDBC connections;
    0 nanoseconds spent preparing 0 JDBC statements;
    0 nanoseconds spent executing 0 JDBC statements;
    0 nanoseconds spent executing 0 JDBC batches;
    0 nanoseconds spent performing 0 L2C puts;
    0 nanoseconds spent performing 0 L2C hits;
    0 nanoseconds spent performing 0 L2C misses;
    0 nanoseconds spent executing 0 flushes (flushing a total of 0 entities and 0 collections);
    0 nanoseconds spent executing 0 partial-flushes (flushing a total of 0 entities and 0 collections)
}
2026-06-25T00:14:57.427-03:00  INFO 9415 --- [  restartedMain] i.StatisticalLoggingSessionEventListener : Session Metrics {
    0 nanoseconds spent acquiring 0 JDBC connections;
    0 nanoseconds spent releasing 0 JDBC connections;
    0 nanoseconds spent preparing 0 JDBC statements;
    0 nanoseconds spent executing 0 JDBC statements;
    0 nanoseconds spent executing 0 JDBC batches;
    0 nanoseconds spent performing 0 L2C puts;
    0 nanoseconds spent performing 0 L2C hits;
    0 nanoseconds spent performing 0 L2C misses;
    0 nanoseconds spent executing 0 flushes (flushing a total of 0 entities and 0 collections);
    0 nanoseconds spent executing 0 partial-flushes (flushing a total of 0 entities and 0 collections)
}
2026-06-25T00:14:57.427-03:00  INFO 9415 --- [  restartedMain] i.StatisticalLoggingSessionEventListener : Session Metrics {
    0 nanoseconds spent acquiring 0 JDBC connections;
    0 nanoseconds spent releasing 0 JDBC connections;
    0 nanoseconds spent preparing 0 JDBC statements;
    0 nanoseconds spent executing 0 JDBC statements;
    0 nanoseconds spent executing 0 JDBC batches;
    0 nanoseconds spent performing 0 L2C puts;
    0 nanoseconds spent performing 0 L2C hits;
    0 nanoseconds spent performing 0 L2C misses;
    0 nanoseconds spent executing 0 flushes (flushing a total of 0 entities and 0 collections);
    0 nanoseconds spent executing 0 partial-flushes (flushing a total of 0 entities and 0 collections)
}
2026-06-25T00:14:57.438-03:00  INFO 9415 --- [  restartedMain] i.StatisticalLoggingSessionEventListener : Session Metrics {
    0 nanoseconds spent acquiring 0 JDBC connections;
    0 nanoseconds spent releasing 0 JDBC connections;
    0 nanoseconds spent preparing 0 JDBC statements;
    0 nanoseconds spent executing 0 JDBC statements;
    0 nanoseconds spent executing 0 JDBC batches;
    0 nanoseconds spent performing 0 L2C puts;
    0 nanoseconds spent performing 0 L2C hits;
    0 nanoseconds spent performing 0 L2C misses;
    0 nanoseconds spent executing 0 flushes (flushing a total of 0 entities and 0 collections);
    0 nanoseconds spent executing 0 partial-flushes (flushing a total of 0 entities and 0 collections)
}
2026-06-25T00:14:57.439-03:00  INFO 9415 --- [  restartedMain] i.StatisticalLoggingSessionEventListener : Session Metrics {
    0 nanoseconds spent acquiring 0 JDBC connections;
    0 nanoseconds spent releasing 0 JDBC connections;
    0 nanoseconds spent preparing 0 JDBC statements;
    0 nanoseconds spent executing 0 JDBC statements;
    0 nanoseconds spent executing 0 JDBC batches;
    0 nanoseconds spent performing 0 L2C puts;
    0 nanoseconds spent performing 0 L2C hits;
    0 nanoseconds spent performing 0 L2C misses;
    0 nanoseconds spent executing 0 flushes (flushing a total of 0 entities and 0 collections);
    0 nanoseconds spent executing 0 partial-flushes (flushing a total of 0 entities and 0 collections)
}
2026-06-25T00:14:57.441-03:00  INFO 9415 --- [  restartedMain] i.StatisticalLoggingSessionEventListener : Session Metrics {
    0 nanoseconds spent acquiring 0 JDBC connections;
    0 nanoseconds spent releasing 0 JDBC connections;
    0 nanoseconds spent preparing 0 JDBC statements;
    0 nanoseconds spent executing 0 JDBC statements;
    0 nanoseconds spent executing 0 JDBC batches;
    0 nanoseconds spent performing 0 L2C puts;
    0 nanoseconds spent performing 0 L2C hits;
    0 nanoseconds spent performing 0 L2C misses;
    0 nanoseconds spent executing 0 flushes (flushing a total of 0 entities and 0 collections);
    0 nanoseconds spent executing 0 partial-flushes (flushing a total of 0 entities and 0 collections)
}
2026-06-25T00:14:57.441-03:00  INFO 9415 --- [  restartedMain] i.StatisticalLoggingSessionEventListener : Session Metrics {
    0 nanoseconds spent acquiring 0 JDBC connections;
    0 nanoseconds spent releasing 0 JDBC connections;
    0 nanoseconds spent preparing 0 JDBC statements;
    0 nanoseconds spent executing 0 JDBC statements;
    0 nanoseconds spent executing 0 JDBC batches;
    0 nanoseconds spent performing 0 L2C puts;
    0 nanoseconds spent performing 0 L2C hits;
    0 nanoseconds spent performing 0 L2C misses;
    0 nanoseconds spent executing 0 flushes (flushing a total of 0 entities and 0 collections);
    0 nanoseconds spent executing 0 partial-flushes (flushing a total of 0 entities and 0 collections)
}
2026-06-25T00:14:57.442-03:00  INFO 9415 --- [  restartedMain] i.StatisticalLoggingSessionEventListener : Session Metrics {
    0 nanoseconds spent acquiring 0 JDBC connections;
    0 nanoseconds spent releasing 0 JDBC connections;
    0 nanoseconds spent preparing 0 JDBC statements;
    0 nanoseconds spent executing 0 JDBC statements;
    0 nanoseconds spent executing 0 JDBC batches;
    0 nanoseconds spent performing 0 L2C puts;
    0 nanoseconds spent performing 0 L2C hits;
    0 nanoseconds spent performing 0 L2C misses;
    0 nanoseconds spent executing 0 flushes (flushing a total of 0 entities and 0 collections);
    0 nanoseconds spent executing 0 partial-flushes (flushing a total of 0 entities and 0 collections)
}
2026-06-25T00:14:57.443-03:00  INFO 9415 --- [  restartedMain] i.StatisticalLoggingSessionEventListener : Session Metrics {
    0 nanoseconds spent acquiring 0 JDBC connections;
    0 nanoseconds spent releasing 0 JDBC connections;
    0 nanoseconds spent preparing 0 JDBC statements;
    0 nanoseconds spent executing 0 JDBC statements;
    0 nanoseconds spent executing 0 JDBC batches;
    0 nanoseconds spent performing 0 L2C puts;
    0 nanoseconds spent performing 0 L2C hits;
    0 nanoseconds spent performing 0 L2C misses;
    0 nanoseconds spent executing 0 flushes (flushing a total of 0 entities and 0 collections);
    0 nanoseconds spent executing 0 partial-flushes (flushing a total of 0 entities and 0 collections)
}
2026-06-25T00:14:57.443-03:00  INFO 9415 --- [  restartedMain] i.StatisticalLoggingSessionEventListener : Session Metrics {
    0 nanoseconds spent acquiring 0 JDBC connections;
    0 nanoseconds spent releasing 0 JDBC connections;
    0 nanoseconds spent preparing 0 JDBC statements;
    0 nanoseconds spent executing 0 JDBC statements;
    0 nanoseconds spent executing 0 JDBC batches;
    0 nanoseconds spent performing 0 L2C puts;
    0 nanoseconds spent performing 0 L2C hits;
    0 nanoseconds spent performing 0 L2C misses;
    0 nanoseconds spent executing 0 flushes (flushing a total of 0 entities and 0 collections);
    0 nanoseconds spent executing 0 partial-flushes (flushing a total of 0 entities and 0 collections)
}
2026-06-25T00:14:57.444-03:00  INFO 9415 --- [  restartedMain] i.StatisticalLoggingSessionEventListener : Session Metrics {
    0 nanoseconds spent acquiring 0 JDBC connections;
    0 nanoseconds spent releasing 0 JDBC connections;
    0 nanoseconds spent preparing 0 JDBC statements;
    0 nanoseconds spent executing 0 JDBC statements;
    0 nanoseconds spent executing 0 JDBC batches;
    0 nanoseconds spent performing 0 L2C puts;
    0 nanoseconds spent performing 0 L2C hits;
    0 nanoseconds spent performing 0 L2C misses;
    0 nanoseconds spent executing 0 flushes (flushing a total of 0 entities and 0 collections);
    0 nanoseconds spent executing 0 partial-flushes (flushing a total of 0 entities and 0 collections)
}
2026-06-25T00:14:57.446-03:00  INFO 9415 --- [  restartedMain] i.StatisticalLoggingSessionEventListener : Session Metrics {
    0 nanoseconds spent acquiring 0 JDBC connections;
    0 nanoseconds spent releasing 0 JDBC connections;
    0 nanoseconds spent preparing 0 JDBC statements;
    0 nanoseconds spent executing 0 JDBC statements;
    0 nanoseconds spent executing 0 JDBC batches;
    0 nanoseconds spent performing 0 L2C puts;
    0 nanoseconds spent performing 0 L2C hits;
    0 nanoseconds spent performing 0 L2C misses;
    0 nanoseconds spent executing 0 flushes (flushing a total of 0 entities and 0 collections);
    0 nanoseconds spent executing 0 partial-flushes (flushing a total of 0 entities and 0 collections)
}
2026-06-25T00:14:57.446-03:00  INFO 9415 --- [  restartedMain] i.StatisticalLoggingSessionEventListener : Session Metrics {
    0 nanoseconds spent acquiring 0 JDBC connections;
    0 nanoseconds spent releasing 0 JDBC connections;
    0 nanoseconds spent preparing 0 JDBC statements;
    0 nanoseconds spent executing 0 JDBC statements;
    0 nanoseconds spent executing 0 JDBC batches;
    0 nanoseconds spent performing 0 L2C puts;
    0 nanoseconds spent performing 0 L2C hits;
    0 nanoseconds spent performing 0 L2C misses;
    0 nanoseconds spent executing 0 flushes (flushing a total of 0 entities and 0 collections);
    0 nanoseconds spent executing 0 partial-flushes (flushing a total of 0 entities and 0 collections)
}
2026-06-25T00:14:57.449-03:00  INFO 9415 --- [  restartedMain] i.StatisticalLoggingSessionEventListener : Session Metrics {
    0 nanoseconds spent acquiring 0 JDBC connections;
    0 nanoseconds spent releasing 0 JDBC connections;
    0 nanoseconds spent preparing 0 JDBC statements;
    0 nanoseconds spent executing 0 JDBC statements;
    0 nanoseconds spent executing 0 JDBC batches;
    0 nanoseconds spent performing 0 L2C puts;
    0 nanoseconds spent performing 0 L2C hits;
    0 nanoseconds spent performing 0 L2C misses;
    0 nanoseconds spent executing 0 flushes (flushing a total of 0 entities and 0 collections);
    0 nanoseconds spent executing 0 partial-flushes (flushing a total of 0 entities and 0 collections)
}
2026-06-25T00:14:57.450-03:00  INFO 9415 --- [  restartedMain] i.StatisticalLoggingSessionEventListener : Session Metrics {
    0 nanoseconds spent acquiring 0 JDBC connections;
    0 nanoseconds spent releasing 0 JDBC connections;
    0 nanoseconds spent preparing 0 JDBC statements;
    0 nanoseconds spent executing 0 JDBC statements;
    0 nanoseconds spent executing 0 JDBC batches;
    0 nanoseconds spent performing 0 L2C puts;
    0 nanoseconds spent performing 0 L2C hits;
    0 nanoseconds spent performing 0 L2C misses;
    0 nanoseconds spent executing 0 flushes (flushing a total of 0 entities and 0 collections);
    0 nanoseconds spent executing 0 partial-flushes (flushing a total of 0 entities and 0 collections)
}
2026-06-25T00:14:57.451-03:00  INFO 9415 --- [  restartedMain] i.StatisticalLoggingSessionEventListener : Session Metrics {
    0 nanoseconds spent acquiring 0 JDBC connections;
    0 nanoseconds spent releasing 0 JDBC connections;
    0 nanoseconds spent preparing 0 JDBC statements;
    0 nanoseconds spent executing 0 JDBC statements;
    0 nanoseconds spent executing 0 JDBC batches;
    0 nanoseconds spent performing 0 L2C puts;
    0 nanoseconds spent performing 0 L2C hits;
    0 nanoseconds spent performing 0 L2C misses;
    0 nanoseconds spent executing 0 flushes (flushing a total of 0 entities and 0 collections);
    0 nanoseconds spent executing 0 partial-flushes (flushing a total of 0 entities and 0 collections)
}
2026-06-25T00:14:57.452-03:00  INFO 9415 --- [  restartedMain] i.StatisticalLoggingSessionEventListener : Session Metrics {
    0 nanoseconds spent acquiring 0 JDBC connections;
    0 nanoseconds spent releasing 0 JDBC connections;
    0 nanoseconds spent preparing 0 JDBC statements;
    0 nanoseconds spent executing 0 JDBC statements;
    0 nanoseconds spent executing 0 JDBC batches;
    0 nanoseconds spent performing 0 L2C puts;
    0 nanoseconds spent performing 0 L2C hits;
    0 nanoseconds spent performing 0 L2C misses;
    0 nanoseconds spent executing 0 flushes (flushing a total of 0 entities and 0 collections);
    0 nanoseconds spent executing 0 partial-flushes (flushing a total of 0 entities and 0 collections)
}
2026-06-25T00:14:57.453-03:00  INFO 9415 --- [  restartedMain] i.StatisticalLoggingSessionEventListener : Session Metrics {
    0 nanoseconds spent acquiring 0 JDBC connections;
    0 nanoseconds spent releasing 0 JDBC connections;
    0 nanoseconds spent preparing 0 JDBC statements;
    0 nanoseconds spent executing 0 JDBC statements;
    0 nanoseconds spent executing 0 JDBC batches;
    0 nanoseconds spent performing 0 L2C puts;
    0 nanoseconds spent performing 0 L2C hits;
    0 nanoseconds spent performing 0 L2C misses;
    0 nanoseconds spent executing 0 flushes (flushing a total of 0 entities and 0 collections);
    0 nanoseconds spent executing 0 partial-flushes (flushing a total of 0 entities and 0 collections)
}
2026-06-25T00:14:57.453-03:00  INFO 9415 --- [  restartedMain] i.StatisticalLoggingSessionEventListener : Session Metrics {
    0 nanoseconds spent acquiring 0 JDBC connections;
    0 nanoseconds spent releasing 0 JDBC connections;
    0 nanoseconds spent preparing 0 JDBC statements;
    0 nanoseconds spent executing 0 JDBC statements;
    0 nanoseconds spent executing 0 JDBC batches;
    0 nanoseconds spent performing 0 L2C puts;
    0 nanoseconds spent performing 0 L2C hits;
    0 nanoseconds spent performing 0 L2C misses;
    0 nanoseconds spent executing 0 flushes (flushing a total of 0 entities and 0 collections);
    0 nanoseconds spent executing 0 partial-flushes (flushing a total of 0 entities and 0 collections)
}
2026-06-25T00:14:57.454-03:00  INFO 9415 --- [  restartedMain] i.StatisticalLoggingSessionEventListener : Session Metrics {
    0 nanoseconds spent acquiring 0 JDBC connections;
    0 nanoseconds spent releasing 0 JDBC connections;
    0 nanoseconds spent preparing 0 JDBC statements;
    0 nanoseconds spent executing 0 JDBC statements;
    0 nanoseconds spent executing 0 JDBC batches;
    0 nanoseconds spent performing 0 L2C puts;
    0 nanoseconds spent performing 0 L2C hits;
    0 nanoseconds spent performing 0 L2C misses;
    0 nanoseconds spent executing 0 flushes (flushing a total of 0 entities and 0 collections);
    0 nanoseconds spent executing 0 partial-flushes (flushing a total of 0 entities and 0 collections)
}
2026-06-25T00:14:57.454-03:00  INFO 9415 --- [  restartedMain] i.StatisticalLoggingSessionEventListener : Session Metrics {
    0 nanoseconds spent acquiring 0 JDBC connections;
    0 nanoseconds spent releasing 0 JDBC connections;
    0 nanoseconds spent preparing 0 JDBC statements;
    0 nanoseconds spent executing 0 JDBC statements;
    0 nanoseconds spent executing 0 JDBC batches;
    0 nanoseconds spent performing 0 L2C puts;
    0 nanoseconds spent performing 0 L2C hits;
    0 nanoseconds spent performing 0 L2C misses;
    0 nanoseconds spent executing 0 flushes (flushing a total of 0 entities and 0 collections);
    0 nanoseconds spent executing 0 partial-flushes (flushing a total of 0 entities and 0 collections)
}
2026-06-25T00:14:57.455-03:00  INFO 9415 --- [  restartedMain] i.StatisticalLoggingSessionEventListener : Session Metrics {
    0 nanoseconds spent acquiring 0 JDBC connections;
    0 nanoseconds spent releasing 0 JDBC connections;
    0 nanoseconds spent preparing 0 JDBC statements;
    0 nanoseconds spent executing 0 JDBC statements;
    0 nanoseconds spent executing 0 JDBC batches;
    0 nanoseconds spent performing 0 L2C puts;
    0 nanoseconds spent performing 0 L2C hits;
    0 nanoseconds spent performing 0 L2C misses;
    0 nanoseconds spent executing 0 flushes (flushing a total of 0 entities and 0 collections);
    0 nanoseconds spent executing 0 partial-flushes (flushing a total of 0 entities and 0 collections)
}
2026-06-25T00:14:57.455-03:00  INFO 9415 --- [  restartedMain] i.StatisticalLoggingSessionEventListener : Session Metrics {
    0 nanoseconds spent acquiring 0 JDBC connections;
    0 nanoseconds spent releasing 0 JDBC connections;
    0 nanoseconds spent preparing 0 JDBC statements;
    0 nanoseconds spent executing 0 JDBC statements;
    0 nanoseconds spent executing 0 JDBC batches;
    0 nanoseconds spent performing 0 L2C puts;
    0 nanoseconds spent performing 0 L2C hits;
    0 nanoseconds spent performing 0 L2C misses;
    0 nanoseconds spent executing 0 flushes (flushing a total of 0 entities and 0 collections);
    0 nanoseconds spent executing 0 partial-flushes (flushing a total of 0 entities and 0 collections)
}
2026-06-25T00:14:57.457-03:00  INFO 9415 --- [  restartedMain] i.StatisticalLoggingSessionEventListener : Session Metrics {
    0 nanoseconds spent acquiring 0 JDBC connections;
    0 nanoseconds spent releasing 0 JDBC connections;
    0 nanoseconds spent preparing 0 JDBC statements;
    0 nanoseconds spent executing 0 JDBC statements;
    0 nanoseconds spent executing 0 JDBC batches;
    0 nanoseconds spent performing 0 L2C puts;
    0 nanoseconds spent performing 0 L2C hits;
    0 nanoseconds spent performing 0 L2C misses;
    0 nanoseconds spent executing 0 flushes (flushing a total of 0 entities and 0 collections);
    0 nanoseconds spent executing 0 partial-flushes (flushing a total of 0 entities and 0 collections)
}
2026-06-25T00:14:57.457-03:00  INFO 9415 --- [  restartedMain] i.StatisticalLoggingSessionEventListener : Session Metrics {
    0 nanoseconds spent acquiring 0 JDBC connections;
    0 nanoseconds spent releasing 0 JDBC connections;
    0 nanoseconds spent preparing 0 JDBC statements;
    0 nanoseconds spent executing 0 JDBC statements;
    0 nanoseconds spent executing 0 JDBC batches;
    0 nanoseconds spent performing 0 L2C puts;
    0 nanoseconds spent performing 0 L2C hits;
    0 nanoseconds spent performing 0 L2C misses;
    0 nanoseconds spent executing 0 flushes (flushing a total of 0 entities and 0 collections);
    0 nanoseconds spent executing 0 partial-flushes (flushing a total of 0 entities and 0 collections)
}
2026-06-25T00:14:57.458-03:00  INFO 9415 --- [  restartedMain] i.StatisticalLoggingSessionEventListener : Session Metrics {
    0 nanoseconds spent acquiring 0 JDBC connections;
    0 nanoseconds spent releasing 0 JDBC connections;
    0 nanoseconds spent preparing 0 JDBC statements;
    0 nanoseconds spent executing 0 JDBC statements;
    0 nanoseconds spent executing 0 JDBC batches;
    0 nanoseconds spent performing 0 L2C puts;
    0 nanoseconds spent performing 0 L2C hits;
    0 nanoseconds spent performing 0 L2C misses;
    0 nanoseconds spent executing 0 flushes (flushing a total of 0 entities and 0 collections);
    0 nanoseconds spent executing 0 partial-flushes (flushing a total of 0 entities and 0 collections)
}
2026-06-25T00:14:57.458-03:00  INFO 9415 --- [  restartedMain] i.StatisticalLoggingSessionEventListener : Session Metrics {
    0 nanoseconds spent acquiring 0 JDBC connections;
    0 nanoseconds spent releasing 0 JDBC connections;
    0 nanoseconds spent preparing 0 JDBC statements;
    0 nanoseconds spent executing 0 JDBC statements;
    0 nanoseconds spent executing 0 JDBC batches;
    0 nanoseconds spent performing 0 L2C puts;
    0 nanoseconds spent performing 0 L2C hits;
    0 nanoseconds spent performing 0 L2C misses;
    0 nanoseconds spent executing 0 flushes (flushing a total of 0 entities and 0 collections);
    0 nanoseconds spent executing 0 partial-flushes (flushing a total of 0 entities and 0 collections)
}
2026-06-25T00:14:57.458-03:00  INFO 9415 --- [  restartedMain] i.StatisticalLoggingSessionEventListener : Session Metrics {
    0 nanoseconds spent acquiring 0 JDBC connections;
    0 nanoseconds spent releasing 0 JDBC connections;
    0 nanoseconds spent preparing 0 JDBC statements;
    0 nanoseconds spent executing 0 JDBC statements;
    0 nanoseconds spent executing 0 JDBC batches;
    0 nanoseconds spent performing 0 L2C puts;
    0 nanoseconds spent performing 0 L2C hits;
    0 nanoseconds spent performing 0 L2C misses;
    0 nanoseconds spent executing 0 flushes (flushing a total of 0 entities and 0 collections);
    0 nanoseconds spent executing 0 partial-flushes (flushing a total of 0 entities and 0 collections)
}
2026-06-25T00:14:57.459-03:00  INFO 9415 --- [  restartedMain] i.StatisticalLoggingSessionEventListener : Session Metrics {
    0 nanoseconds spent acquiring 0 JDBC connections;
    0 nanoseconds spent releasing 0 JDBC connections;
    0 nanoseconds spent preparing 0 JDBC statements;
    0 nanoseconds spent executing 0 JDBC statements;
    0 nanoseconds spent executing 0 JDBC batches;
    0 nanoseconds spent performing 0 L2C puts;
    0 nanoseconds spent performing 0 L2C hits;
    0 nanoseconds spent performing 0 L2C misses;
    0 nanoseconds spent executing 0 flushes (flushing a total of 0 entities and 0 collections);
    0 nanoseconds spent executing 0 partial-flushes (flushing a total of 0 entities and 0 collections)
}
2026-06-25T00:14:57.466-03:00  INFO 9415 --- [  restartedMain] i.StatisticalLoggingSessionEventListener : Session Metrics {
    0 nanoseconds spent acquiring 0 JDBC connections;
    0 nanoseconds spent releasing 0 JDBC connections;
    0 nanoseconds spent preparing 0 JDBC statements;
    0 nanoseconds spent executing 0 JDBC statements;
    0 nanoseconds spent executing 0 JDBC batches;
    0 nanoseconds spent performing 0 L2C puts;
    0 nanoseconds spent performing 0 L2C hits;
    0 nanoseconds spent performing 0 L2C misses;
    0 nanoseconds spent executing 0 flushes (flushing a total of 0 entities and 0 collections);
    0 nanoseconds spent executing 0 partial-flushes (flushing a total of 0 entities and 0 collections)
}
2026-06-25T00:14:57.466-03:00  INFO 9415 --- [  restartedMain] i.StatisticalLoggingSessionEventListener : Session Metrics {
    0 nanoseconds spent acquiring 0 JDBC connections;
    0 nanoseconds spent releasing 0 JDBC connections;
    0 nanoseconds spent preparing 0 JDBC statements;
    0 nanoseconds spent executing 0 JDBC statements;
    0 nanoseconds spent executing 0 JDBC batches;
    0 nanoseconds spent performing 0 L2C puts;
    0 nanoseconds spent performing 0 L2C hits;
    0 nanoseconds spent performing 0 L2C misses;
    0 nanoseconds spent executing 0 flushes (flushing a total of 0 entities and 0 collections);
    0 nanoseconds spent executing 0 partial-flushes (flushing a total of 0 entities and 0 collections)
}
2026-06-25T00:14:57.469-03:00  INFO 9415 --- [  restartedMain] i.StatisticalLoggingSessionEventListener : Session Metrics {
    0 nanoseconds spent acquiring 0 JDBC connections;
    0 nanoseconds spent releasing 0 JDBC connections;
    0 nanoseconds spent preparing 0 JDBC statements;
    0 nanoseconds spent executing 0 JDBC statements;
    0 nanoseconds spent executing 0 JDBC batches;
    0 nanoseconds spent performing 0 L2C puts;
    0 nanoseconds spent performing 0 L2C hits;
    0 nanoseconds spent performing 0 L2C misses;
    0 nanoseconds spent executing 0 flushes (flushing a total of 0 entities and 0 collections);
    0 nanoseconds spent executing 0 partial-flushes (flushing a total of 0 entities and 0 collections)
}
2026-06-25T00:14:57.469-03:00  INFO 9415 --- [  restartedMain] i.StatisticalLoggingSessionEventListener : Session Metrics {
    0 nanoseconds spent acquiring 0 JDBC connections;
    0 nanoseconds spent releasing 0 JDBC connections;
    0 nanoseconds spent preparing 0 JDBC statements;
    0 nanoseconds spent executing 0 JDBC statements;
    0 nanoseconds spent executing 0 JDBC batches;
    0 nanoseconds spent performing 0 L2C puts;
    0 nanoseconds spent performing 0 L2C hits;
    0 nanoseconds spent performing 0 L2C misses;
    0 nanoseconds spent executing 0 flushes (flushing a total of 0 entities and 0 collections);
    0 nanoseconds spent executing 0 partial-flushes (flushing a total of 0 entities and 0 collections)
}
2026-06-25T00:14:57.470-03:00  INFO 9415 --- [  restartedMain] i.StatisticalLoggingSessionEventListener : Session Metrics {
    0 nanoseconds spent acquiring 0 JDBC connections;
    0 nanoseconds spent releasing 0 JDBC connections;
    0 nanoseconds spent preparing 0 JDBC statements;
    0 nanoseconds spent executing 0 JDBC statements;
    0 nanoseconds spent executing 0 JDBC batches;
    0 nanoseconds spent performing 0 L2C puts;
    0 nanoseconds spent performing 0 L2C hits;
    0 nanoseconds spent performing 0 L2C misses;
    0 nanoseconds spent executing 0 flushes (flushing a total of 0 entities and 0 collections);
    0 nanoseconds spent executing 0 partial-flushes (flushing a total of 0 entities and 0 collections)
}
2026-06-25T00:14:57.477-03:00  INFO 9415 --- [  restartedMain] i.StatisticalLoggingSessionEventListener : Session Metrics {
    0 nanoseconds spent acquiring 0 JDBC connections;
    0 nanoseconds spent releasing 0 JDBC connections;
    0 nanoseconds spent preparing 0 JDBC statements;
    0 nanoseconds spent executing 0 JDBC statements;
    0 nanoseconds spent executing 0 JDBC batches;
    0 nanoseconds spent performing 0 L2C puts;
    0 nanoseconds spent performing 0 L2C hits;
    0 nanoseconds spent performing 0 L2C misses;
    0 nanoseconds spent executing 0 flushes (flushing a total of 0 entities and 0 collections);
    0 nanoseconds spent executing 0 partial-flushes (flushing a total of 0 entities and 0 collections)
}
2026-06-25T00:14:57.477-03:00  INFO 9415 --- [  restartedMain] i.StatisticalLoggingSessionEventListener : Session Metrics {
    0 nanoseconds spent acquiring 0 JDBC connections;
    0 nanoseconds spent releasing 0 JDBC connections;
    0 nanoseconds spent preparing 0 JDBC statements;
    0 nanoseconds spent executing 0 JDBC statements;
    0 nanoseconds spent executing 0 JDBC batches;
    0 nanoseconds spent performing 0 L2C puts;
    0 nanoseconds spent performing 0 L2C hits;
    0 nanoseconds spent performing 0 L2C misses;
    0 nanoseconds spent executing 0 flushes (flushing a total of 0 entities and 0 collections);
    0 nanoseconds spent executing 0 partial-flushes (flushing a total of 0 entities and 0 collections)
}
2026-06-25T00:14:57.505-03:00  INFO 9415 --- [  restartedMain] i.StatisticalLoggingSessionEventListener : Session Metrics {
    0 nanoseconds spent acquiring 0 JDBC connections;
    0 nanoseconds spent releasing 0 JDBC connections;
    0 nanoseconds spent preparing 0 JDBC statements;
    0 nanoseconds spent executing 0 JDBC statements;
    0 nanoseconds spent executing 0 JDBC batches;
    0 nanoseconds spent performing 0 L2C puts;
    0 nanoseconds spent performing 0 L2C hits;
    0 nanoseconds spent performing 0 L2C misses;
    0 nanoseconds spent executing 0 flushes (flushing a total of 0 entities and 0 collections);
    0 nanoseconds spent executing 0 partial-flushes (flushing a total of 0 entities and 0 collections)
}
2026-06-25T00:14:57.506-03:00  INFO 9415 --- [  restartedMain] i.StatisticalLoggingSessionEventListener : Session Metrics {
    0 nanoseconds spent acquiring 0 JDBC connections;
    0 nanoseconds spent releasing 0 JDBC connections;
    0 nanoseconds spent preparing 0 JDBC statements;
    0 nanoseconds spent executing 0 JDBC statements;
    0 nanoseconds spent executing 0 JDBC batches;
    0 nanoseconds spent performing 0 L2C puts;
    0 nanoseconds spent performing 0 L2C hits;
    0 nanoseconds spent performing 0 L2C misses;
    0 nanoseconds spent executing 0 flushes (flushing a total of 0 entities and 0 collections);
    0 nanoseconds spent executing 0 partial-flushes (flushing a total of 0 entities and 0 collections)
}
2026-06-25T00:14:57.506-03:00  INFO 9415 --- [  restartedMain] i.StatisticalLoggingSessionEventListener : Session Metrics {
    0 nanoseconds spent acquiring 0 JDBC connections;
    0 nanoseconds spent releasing 0 JDBC connections;
    0 nanoseconds spent preparing 0 JDBC statements;
    0 nanoseconds spent executing 0 JDBC statements;
    0 nanoseconds spent executing 0 JDBC batches;
    0 nanoseconds spent performing 0 L2C puts;
    0 nanoseconds spent performing 0 L2C hits;
    0 nanoseconds spent performing 0 L2C misses;
    0 nanoseconds spent executing 0 flushes (flushing a total of 0 entities and 0 collections);
    0 nanoseconds spent executing 0 partial-flushes (flushing a total of 0 entities and 0 collections)
}
2026-06-25T00:14:57.507-03:00  INFO 9415 --- [  restartedMain] i.StatisticalLoggingSessionEventListener : Session Metrics {
    0 nanoseconds spent acquiring 0 JDBC connections;
    0 nanoseconds spent releasing 0 JDBC connections;
    0 nanoseconds spent preparing 0 JDBC statements;
    0 nanoseconds spent executing 0 JDBC statements;
    0 nanoseconds spent executing 0 JDBC batches;
    0 nanoseconds spent performing 0 L2C puts;
    0 nanoseconds spent performing 0 L2C hits;
    0 nanoseconds spent performing 0 L2C misses;
    0 nanoseconds spent executing 0 flushes (flushing a total of 0 entities and 0 collections);
    0 nanoseconds spent executing 0 partial-flushes (flushing a total of 0 entities and 0 collections)
}
2026-06-25T00:14:57.507-03:00  INFO 9415 --- [  restartedMain] i.StatisticalLoggingSessionEventListener : Session Metrics {
    0 nanoseconds spent acquiring 0 JDBC connections;
    0 nanoseconds spent releasing 0 JDBC connections;
    0 nanoseconds spent preparing 0 JDBC statements;
    0 nanoseconds spent executing 0 JDBC statements;
    0 nanoseconds spent executing 0 JDBC batches;
    0 nanoseconds spent performing 0 L2C puts;
    0 nanoseconds spent performing 0 L2C hits;
    0 nanoseconds spent performing 0 L2C misses;
    0 nanoseconds spent executing 0 flushes (flushing a total of 0 entities and 0 collections);
    0 nanoseconds spent executing 0 partial-flushes (flushing a total of 0 entities and 0 collections)
}
2026-06-25T00:14:57.509-03:00  INFO 9415 --- [  restartedMain] i.StatisticalLoggingSessionEventListener : Session Metrics {
    0 nanoseconds spent acquiring 0 JDBC connections;
    0 nanoseconds spent releasing 0 JDBC connections;
    0 nanoseconds spent preparing 0 JDBC statements;
    0 nanoseconds spent executing 0 JDBC statements;
    0 nanoseconds spent executing 0 JDBC batches;
    0 nanoseconds spent performing 0 L2C puts;
    0 nanoseconds spent performing 0 L2C hits;
    0 nanoseconds spent performing 0 L2C misses;
    0 nanoseconds spent executing 0 flushes (flushing a total of 0 entities and 0 collections);
    0 nanoseconds spent executing 0 partial-flushes (flushing a total of 0 entities and 0 collections)
}
2026-06-25T00:14:57.510-03:00  INFO 9415 --- [  restartedMain] i.StatisticalLoggingSessionEventListener : Session Metrics {
    0 nanoseconds spent acquiring 0 JDBC connections;
    0 nanoseconds spent releasing 0 JDBC connections;
    0 nanoseconds spent preparing 0 JDBC statements;
    0 nanoseconds spent executing 0 JDBC statements;
    0 nanoseconds spent executing 0 JDBC batches;
    0 nanoseconds spent performing 0 L2C puts;
    0 nanoseconds spent performing 0 L2C hits;
    0 nanoseconds spent performing 0 L2C misses;
    0 nanoseconds spent executing 0 flushes (flushing a total of 0 entities and 0 collections);
    0 nanoseconds spent executing 0 partial-flushes (flushing a total of 0 entities and 0 collections)
}
2026-06-25T00:14:57.511-03:00  INFO 9415 --- [  restartedMain] i.StatisticalLoggingSessionEventListener : Session Metrics {
    0 nanoseconds spent acquiring 0 JDBC connections;
    0 nanoseconds spent releasing 0 JDBC connections;
    0 nanoseconds spent preparing 0 JDBC statements;
    0 nanoseconds spent executing 0 JDBC statements;
    0 nanoseconds spent executing 0 JDBC batches;
    0 nanoseconds spent performing 0 L2C puts;
    0 nanoseconds spent performing 0 L2C hits;
    0 nanoseconds spent performing 0 L2C misses;
    0 nanoseconds spent executing 0 flushes (flushing a total of 0 entities and 0 collections);
    0 nanoseconds spent executing 0 partial-flushes (flushing a total of 0 entities and 0 collections)
}
2026-06-25T00:14:57.511-03:00  INFO 9415 --- [  restartedMain] i.StatisticalLoggingSessionEventListener : Session Metrics {
    0 nanoseconds spent acquiring 0 JDBC connections;
    0 nanoseconds spent releasing 0 JDBC connections;
    0 nanoseconds spent preparing 0 JDBC statements;
    0 nanoseconds spent executing 0 JDBC statements;
    0 nanoseconds spent executing 0 JDBC batches;
    0 nanoseconds spent performing 0 L2C puts;
    0 nanoseconds spent performing 0 L2C hits;
    0 nanoseconds spent performing 0 L2C misses;
    0 nanoseconds spent executing 0 flushes (flushing a total of 0 entities and 0 collections);
    0 nanoseconds spent executing 0 partial-flushes (flushing a total of 0 entities and 0 collections)
}
2026-06-25T00:14:57.512-03:00  INFO 9415 --- [  restartedMain] i.StatisticalLoggingSessionEventListener : Session Metrics {
    0 nanoseconds spent acquiring 0 JDBC connections;
    0 nanoseconds spent releasing 0 JDBC connections;
    0 nanoseconds spent preparing 0 JDBC statements;
    0 nanoseconds spent executing 0 JDBC statements;
    0 nanoseconds spent executing 0 JDBC batches;
    0 nanoseconds spent performing 0 L2C puts;
    0 nanoseconds spent performing 0 L2C hits;
    0 nanoseconds spent performing 0 L2C misses;
    0 nanoseconds spent executing 0 flushes (flushing a total of 0 entities and 0 collections);
    0 nanoseconds spent executing 0 partial-flushes (flushing a total of 0 entities and 0 collections)
}
2026-06-25T00:14:57.513-03:00  INFO 9415 --- [  restartedMain] i.StatisticalLoggingSessionEventListener : Session Metrics {
    0 nanoseconds spent acquiring 0 JDBC connections;
    0 nanoseconds spent releasing 0 JDBC connections;
    0 nanoseconds spent preparing 0 JDBC statements;
    0 nanoseconds spent executing 0 JDBC statements;
    0 nanoseconds spent executing 0 JDBC batches;
    0 nanoseconds spent performing 0 L2C puts;
    0 nanoseconds spent performing 0 L2C hits;
    0 nanoseconds spent performing 0 L2C misses;
    0 nanoseconds spent executing 0 flushes (flushing a total of 0 entities and 0 collections);
    0 nanoseconds spent executing 0 partial-flushes (flushing a total of 0 entities and 0 collections)
}
2026-06-25T00:14:57.524-03:00  INFO 9415 --- [  restartedMain] i.StatisticalLoggingSessionEventListener : Session Metrics {
    0 nanoseconds spent acquiring 0 JDBC connections;
    0 nanoseconds spent releasing 0 JDBC connections;
    0 nanoseconds spent preparing 0 JDBC statements;
    0 nanoseconds spent executing 0 JDBC statements;
    0 nanoseconds spent executing 0 JDBC batches;
    0 nanoseconds spent performing 0 L2C puts;
    0 nanoseconds spent performing 0 L2C hits;
    0 nanoseconds spent performing 0 L2C misses;
    0 nanoseconds spent executing 0 flushes (flushing a total of 0 entities and 0 collections);
    0 nanoseconds spent executing 0 partial-flushes (flushing a total of 0 entities and 0 collections)
}
2026-06-25T00:14:57.528-03:00  INFO 9415 --- [  restartedMain] i.StatisticalLoggingSessionEventListener : Session Metrics {
    0 nanoseconds spent acquiring 0 JDBC connections;
    0 nanoseconds spent releasing 0 JDBC connections;
    0 nanoseconds spent preparing 0 JDBC statements;
    0 nanoseconds spent executing 0 JDBC statements;
    0 nanoseconds spent executing 0 JDBC batches;
    0 nanoseconds spent performing 0 L2C puts;
    0 nanoseconds spent performing 0 L2C hits;
    0 nanoseconds spent performing 0 L2C misses;
    0 nanoseconds spent executing 0 flushes (flushing a total of 0 entities and 0 collections);
    0 nanoseconds spent executing 0 partial-flushes (flushing a total of 0 entities and 0 collections)
}
2026-06-25T00:14:57.530-03:00  INFO 9415 --- [  restartedMain] i.StatisticalLoggingSessionEventListener : Session Metrics {
    0 nanoseconds spent acquiring 0 JDBC connections;
    0 nanoseconds spent releasing 0 JDBC connections;
    0 nanoseconds spent preparing 0 JDBC statements;
    0 nanoseconds spent executing 0 JDBC statements;
    0 nanoseconds spent executing 0 JDBC batches;
    0 nanoseconds spent performing 0 L2C puts;
    0 nanoseconds spent performing 0 L2C hits;
    0 nanoseconds spent performing 0 L2C misses;
    0 nanoseconds spent executing 0 flushes (flushing a total of 0 entities and 0 collections);
    0 nanoseconds spent executing 0 partial-flushes (flushing a total of 0 entities and 0 collections)
}
2026-06-25T00:14:57.531-03:00  INFO 9415 --- [  restartedMain] i.StatisticalLoggingSessionEventListener : Session Metrics {
    0 nanoseconds spent acquiring 0 JDBC connections;
    0 nanoseconds spent releasing 0 JDBC connections;
    0 nanoseconds spent preparing 0 JDBC statements;
    0 nanoseconds spent executing 0 JDBC statements;
    0 nanoseconds spent executing 0 JDBC batches;
    0 nanoseconds spent performing 0 L2C puts;
    0 nanoseconds spent performing 0 L2C hits;
    0 nanoseconds spent performing 0 L2C misses;
    0 nanoseconds spent executing 0 flushes (flushing a total of 0 entities and 0 collections);
    0 nanoseconds spent executing 0 partial-flushes (flushing a total of 0 entities and 0 collections)
}
2026-06-25T00:14:57.532-03:00  INFO 9415 --- [  restartedMain] i.StatisticalLoggingSessionEventListener : Session Metrics {
    0 nanoseconds spent acquiring 0 JDBC connections;
    0 nanoseconds spent releasing 0 JDBC connections;
    0 nanoseconds spent preparing 0 JDBC statements;
    0 nanoseconds spent executing 0 JDBC statements;
    0 nanoseconds spent executing 0 JDBC batches;
    0 nanoseconds spent performing 0 L2C puts;
    0 nanoseconds spent performing 0 L2C hits;
    0 nanoseconds spent performing 0 L2C misses;
    0 nanoseconds spent executing 0 flushes (flushing a total of 0 entities and 0 collections);
    0 nanoseconds spent executing 0 partial-flushes (flushing a total of 0 entities and 0 collections)
}
2026-06-25T00:14:57.532-03:00  INFO 9415 --- [  restartedMain] i.StatisticalLoggingSessionEventListener : Session Metrics {
    0 nanoseconds spent acquiring 0 JDBC connections;
    0 nanoseconds spent releasing 0 JDBC connections;
    0 nanoseconds spent preparing 0 JDBC statements;
    0 nanoseconds spent executing 0 JDBC statements;
    0 nanoseconds spent executing 0 JDBC batches;
    0 nanoseconds spent performing 0 L2C puts;
    0 nanoseconds spent performing 0 L2C hits;
    0 nanoseconds spent performing 0 L2C misses;
    0 nanoseconds spent executing 0 flushes (flushing a total of 0 entities and 0 collections);
    0 nanoseconds spent executing 0 partial-flushes (flushing a total of 0 entities and 0 collections)
}
2026-06-25T00:14:57.532-03:00  INFO 9415 --- [  restartedMain] i.StatisticalLoggingSessionEventListener : Session Metrics {
    0 nanoseconds spent acquiring 0 JDBC connections;
    0 nanoseconds spent releasing 0 JDBC connections;
    0 nanoseconds spent preparing 0 JDBC statements;
    0 nanoseconds spent executing 0 JDBC statements;
    0 nanoseconds spent executing 0 JDBC batches;
    0 nanoseconds spent performing 0 L2C puts;
    0 nanoseconds spent performing 0 L2C hits;
    0 nanoseconds spent performing 0 L2C misses;
    0 nanoseconds spent executing 0 flushes (flushing a total of 0 entities and 0 collections);
    0 nanoseconds spent executing 0 partial-flushes (flushing a total of 0 entities and 0 collections)
}
2026-06-25T00:14:57.533-03:00  INFO 9415 --- [  restartedMain] i.StatisticalLoggingSessionEventListener : Session Metrics {
    0 nanoseconds spent acquiring 0 JDBC connections;
    0 nanoseconds spent releasing 0 JDBC connections;
    0 nanoseconds spent preparing 0 JDBC statements;
    0 nanoseconds spent executing 0 JDBC statements;
    0 nanoseconds spent executing 0 JDBC batches;
    0 nanoseconds spent performing 0 L2C puts;
    0 nanoseconds spent performing 0 L2C hits;
    0 nanoseconds spent performing 0 L2C misses;
    0 nanoseconds spent executing 0 flushes (flushing a total of 0 entities and 0 collections);
    0 nanoseconds spent executing 0 partial-flushes (flushing a total of 0 entities and 0 collections)
}
2026-06-25T00:14:57.534-03:00  INFO 9415 --- [  restartedMain] i.StatisticalLoggingSessionEventListener : Session Metrics {
    0 nanoseconds spent acquiring 0 JDBC connections;
    0 nanoseconds spent releasing 0 JDBC connections;
    0 nanoseconds spent preparing 0 JDBC statements;
    0 nanoseconds spent executing 0 JDBC statements;
    0 nanoseconds spent executing 0 JDBC batches;
    0 nanoseconds spent performing 0 L2C puts;
    0 nanoseconds spent performing 0 L2C hits;
    0 nanoseconds spent performing 0 L2C misses;
    0 nanoseconds spent executing 0 flushes (flushing a total of 0 entities and 0 collections);
    0 nanoseconds spent executing 0 partial-flushes (flushing a total of 0 entities and 0 collections)
}
2026-06-25T00:14:57.534-03:00  INFO 9415 --- [  restartedMain] i.StatisticalLoggingSessionEventListener : Session Metrics {
    0 nanoseconds spent acquiring 0 JDBC connections;
    0 nanoseconds spent releasing 0 JDBC connections;
    0 nanoseconds spent preparing 0 JDBC statements;
    0 nanoseconds spent executing 0 JDBC statements;
    0 nanoseconds spent executing 0 JDBC batches;
    0 nanoseconds spent performing 0 L2C puts;
    0 nanoseconds spent performing 0 L2C hits;
    0 nanoseconds spent performing 0 L2C misses;
    0 nanoseconds spent executing 0 flushes (flushing a total of 0 entities and 0 collections);
    0 nanoseconds spent executing 0 partial-flushes (flushing a total of 0 entities and 0 collections)
}
2026-06-25T00:14:57.535-03:00  INFO 9415 --- [  restartedMain] i.StatisticalLoggingSessionEventListener : Session Metrics {
    0 nanoseconds spent acquiring 0 JDBC connections;
    0 nanoseconds spent releasing 0 JDBC connections;
    0 nanoseconds spent preparing 0 JDBC statements;
    0 nanoseconds spent executing 0 JDBC statements;
    0 nanoseconds spent executing 0 JDBC batches;
    0 nanoseconds spent performing 0 L2C puts;
    0 nanoseconds spent performing 0 L2C hits;
    0 nanoseconds spent performing 0 L2C misses;
    0 nanoseconds spent executing 0 flushes (flushing a total of 0 entities and 0 collections);
    0 nanoseconds spent executing 0 partial-flushes (flushing a total of 0 entities and 0 collections)
}
2026-06-25T00:14:57.535-03:00  INFO 9415 --- [  restartedMain] i.StatisticalLoggingSessionEventListener : Session Metrics {
    0 nanoseconds spent acquiring 0 JDBC connections;
    0 nanoseconds spent releasing 0 JDBC connections;
    0 nanoseconds spent preparing 0 JDBC statements;
    0 nanoseconds spent executing 0 JDBC statements;
    0 nanoseconds spent executing 0 JDBC batches;
    0 nanoseconds spent performing 0 L2C puts;
    0 nanoseconds spent performing 0 L2C hits;
    0 nanoseconds spent performing 0 L2C misses;
    0 nanoseconds spent executing 0 flushes (flushing a total of 0 entities and 0 collections);
    0 nanoseconds spent executing 0 partial-flushes (flushing a total of 0 entities and 0 collections)
}
2026-06-25T00:14:57.536-03:00  INFO 9415 --- [  restartedMain] i.StatisticalLoggingSessionEventListener : Session Metrics {
    0 nanoseconds spent acquiring 0 JDBC connections;
    0 nanoseconds spent releasing 0 JDBC connections;
    0 nanoseconds spent preparing 0 JDBC statements;
    0 nanoseconds spent executing 0 JDBC statements;
    0 nanoseconds spent executing 0 JDBC batches;
    0 nanoseconds spent performing 0 L2C puts;
    0 nanoseconds spent performing 0 L2C hits;
    0 nanoseconds spent performing 0 L2C misses;
    0 nanoseconds spent executing 0 flushes (flushing a total of 0 entities and 0 collections);
    0 nanoseconds spent executing 0 partial-flushes (flushing a total of 0 entities and 0 collections)
}
2026-06-25T00:14:57.536-03:00  INFO 9415 --- [  restartedMain] i.StatisticalLoggingSessionEventListener : Session Metrics {
    0 nanoseconds spent acquiring 0 JDBC connections;
    0 nanoseconds spent releasing 0 JDBC connections;
    0 nanoseconds spent preparing 0 JDBC statements;
    0 nanoseconds spent executing 0 JDBC statements;
    0 nanoseconds spent executing 0 JDBC batches;
    0 nanoseconds spent performing 0 L2C puts;
    0 nanoseconds spent performing 0 L2C hits;
    0 nanoseconds spent performing 0 L2C misses;
    0 nanoseconds spent executing 0 flushes (flushing a total of 0 entities and 0 collections);
    0 nanoseconds spent executing 0 partial-flushes (flushing a total of 0 entities and 0 collections)
}
2026-06-25T00:14:57.537-03:00  INFO 9415 --- [  restartedMain] i.StatisticalLoggingSessionEventListener : Session Metrics {
    0 nanoseconds spent acquiring 0 JDBC connections;
    0 nanoseconds spent releasing 0 JDBC connections;
    0 nanoseconds spent preparing 0 JDBC statements;
    0 nanoseconds spent executing 0 JDBC statements;
    0 nanoseconds spent executing 0 JDBC batches;
    0 nanoseconds spent performing 0 L2C puts;
    0 nanoseconds spent performing 0 L2C hits;
    0 nanoseconds spent performing 0 L2C misses;
    0 nanoseconds spent executing 0 flushes (flushing a total of 0 entities and 0 collections);
    0 nanoseconds spent executing 0 partial-flushes (flushing a total of 0 entities and 0 collections)
}
2026-06-25T00:14:57.538-03:00  INFO 9415 --- [  restartedMain] i.StatisticalLoggingSessionEventListener : Session Metrics {
    0 nanoseconds spent acquiring 0 JDBC connections;
    0 nanoseconds spent releasing 0 JDBC connections;
    0 nanoseconds spent preparing 0 JDBC statements;
    0 nanoseconds spent executing 0 JDBC statements;
    0 nanoseconds spent executing 0 JDBC batches;
    0 nanoseconds spent performing 0 L2C puts;
    0 nanoseconds spent performing 0 L2C hits;
    0 nanoseconds spent performing 0 L2C misses;
    0 nanoseconds spent executing 0 flushes (flushing a total of 0 entities and 0 collections);
    0 nanoseconds spent executing 0 partial-flushes (flushing a total of 0 entities and 0 collections)
}
2026-06-25T00:14:57.539-03:00  INFO 9415 --- [  restartedMain] i.StatisticalLoggingSessionEventListener : Session Metrics {
    0 nanoseconds spent acquiring 0 JDBC connections;
    0 nanoseconds spent releasing 0 JDBC connections;
    0 nanoseconds spent preparing 0 JDBC statements;
    0 nanoseconds spent executing 0 JDBC statements;
    0 nanoseconds spent executing 0 JDBC batches;
    0 nanoseconds spent performing 0 L2C puts;
    0 nanoseconds spent performing 0 L2C hits;
    0 nanoseconds spent performing 0 L2C misses;
    0 nanoseconds spent executing 0 flushes (flushing a total of 0 entities and 0 collections);
    0 nanoseconds spent executing 0 partial-flushes (flushing a total of 0 entities and 0 collections)
}
2026-06-25T00:14:57.539-03:00  INFO 9415 --- [  restartedMain] i.StatisticalLoggingSessionEventListener : Session Metrics {
    0 nanoseconds spent acquiring 0 JDBC connections;
    0 nanoseconds spent releasing 0 JDBC connections;
    0 nanoseconds spent preparing 0 JDBC statements;
    0 nanoseconds spent executing 0 JDBC statements;
    0 nanoseconds spent executing 0 JDBC batches;
    0 nanoseconds spent performing 0 L2C puts;
    0 nanoseconds spent performing 0 L2C hits;
    0 nanoseconds spent performing 0 L2C misses;
    0 nanoseconds spent executing 0 flushes (flushing a total of 0 entities and 0 collections);
    0 nanoseconds spent executing 0 partial-flushes (flushing a total of 0 entities and 0 collections)
}
2026-06-25T00:14:57.543-03:00  INFO 9415 --- [  restartedMain] i.StatisticalLoggingSessionEventListener : Session Metrics {
    0 nanoseconds spent acquiring 0 JDBC connections;
    0 nanoseconds spent releasing 0 JDBC connections;
    0 nanoseconds spent preparing 0 JDBC statements;
    0 nanoseconds spent executing 0 JDBC statements;
    0 nanoseconds spent executing 0 JDBC batches;
    0 nanoseconds spent performing 0 L2C puts;
    0 nanoseconds spent performing 0 L2C hits;
    0 nanoseconds spent performing 0 L2C misses;
    0 nanoseconds spent executing 0 flushes (flushing a total of 0 entities and 0 collections);
    0 nanoseconds spent executing 0 partial-flushes (flushing a total of 0 entities and 0 collections)
}
2026-06-25T00:14:57.543-03:00  INFO 9415 --- [  restartedMain] i.StatisticalLoggingSessionEventListener : Session Metrics {
    0 nanoseconds spent acquiring 0 JDBC connections;
    0 nanoseconds spent releasing 0 JDBC connections;
    0 nanoseconds spent preparing 0 JDBC statements;
    0 nanoseconds spent executing 0 JDBC statements;
    0 nanoseconds spent executing 0 JDBC batches;
    0 nanoseconds spent performing 0 L2C puts;
    0 nanoseconds spent performing 0 L2C hits;
    0 nanoseconds spent performing 0 L2C misses;
    0 nanoseconds spent executing 0 flushes (flushing a total of 0 entities and 0 collections);
    0 nanoseconds spent executing 0 partial-flushes (flushing a total of 0 entities and 0 collections)
}
2026-06-25T00:14:57.554-03:00  INFO 9415 --- [  restartedMain] i.StatisticalLoggingSessionEventListener : Session Metrics {
    0 nanoseconds spent acquiring 0 JDBC connections;
    0 nanoseconds spent releasing 0 JDBC connections;
    0 nanoseconds spent preparing 0 JDBC statements;
    0 nanoseconds spent executing 0 JDBC statements;
    0 nanoseconds spent executing 0 JDBC batches;
    0 nanoseconds spent performing 0 L2C puts;
    0 nanoseconds spent performing 0 L2C hits;
    0 nanoseconds spent performing 0 L2C misses;
    0 nanoseconds spent executing 0 flushes (flushing a total of 0 entities and 0 collections);
    0 nanoseconds spent executing 0 partial-flushes (flushing a total of 0 entities and 0 collections)
}
2026-06-25T00:14:57.555-03:00  INFO 9415 --- [  restartedMain] i.StatisticalLoggingSessionEventListener : Session Metrics {
    0 nanoseconds spent acquiring 0 JDBC connections;
    0 nanoseconds spent releasing 0 JDBC connections;
    0 nanoseconds spent preparing 0 JDBC statements;
    0 nanoseconds spent executing 0 JDBC statements;
    0 nanoseconds spent executing 0 JDBC batches;
    0 nanoseconds spent performing 0 L2C puts;
    0 nanoseconds spent performing 0 L2C hits;
    0 nanoseconds spent performing 0 L2C misses;
    0 nanoseconds spent executing 0 flushes (flushing a total of 0 entities and 0 collections);
    0 nanoseconds spent executing 0 partial-flushes (flushing a total of 0 entities and 0 collections)
}
2026-06-25T00:14:57.556-03:00  INFO 9415 --- [  restartedMain] i.StatisticalLoggingSessionEventListener : Session Metrics {
    0 nanoseconds spent acquiring 0 JDBC connections;
    0 nanoseconds spent releasing 0 JDBC connections;
    0 nanoseconds spent preparing 0 JDBC statements;
    0 nanoseconds spent executing 0 JDBC statements;
    0 nanoseconds spent executing 0 JDBC batches;
    0 nanoseconds spent performing 0 L2C puts;
    0 nanoseconds spent performing 0 L2C hits;
    0 nanoseconds spent performing 0 L2C misses;
    0 nanoseconds spent executing 0 flushes (flushing a total of 0 entities and 0 collections);
    0 nanoseconds spent executing 0 partial-flushes (flushing a total of 0 entities and 0 collections)
}
2026-06-25T00:14:57.557-03:00  INFO 9415 --- [  restartedMain] i.StatisticalLoggingSessionEventListener : Session Metrics {
    0 nanoseconds spent acquiring 0 JDBC connections;
    0 nanoseconds spent releasing 0 JDBC connections;
    0 nanoseconds spent preparing 0 JDBC statements;
    0 nanoseconds spent executing 0 JDBC statements;
    0 nanoseconds spent executing 0 JDBC batches;
    0 nanoseconds spent performing 0 L2C puts;
    0 nanoseconds spent performing 0 L2C hits;
    0 nanoseconds spent performing 0 L2C misses;
    0 nanoseconds spent executing 0 flushes (flushing a total of 0 entities and 0 collections);
    0 nanoseconds spent executing 0 partial-flushes (flushing a total of 0 entities and 0 collections)
}
2026-06-25T00:14:57.557-03:00  INFO 9415 --- [  restartedMain] i.StatisticalLoggingSessionEventListener : Session Metrics {
    0 nanoseconds spent acquiring 0 JDBC connections;
    0 nanoseconds spent releasing 0 JDBC connections;
    0 nanoseconds spent preparing 0 JDBC statements;
    0 nanoseconds spent executing 0 JDBC statements;
    0 nanoseconds spent executing 0 JDBC batches;
    0 nanoseconds spent performing 0 L2C puts;
    0 nanoseconds spent performing 0 L2C hits;
    0 nanoseconds spent performing 0 L2C misses;
    0 nanoseconds spent executing 0 flushes (flushing a total of 0 entities and 0 collections);
    0 nanoseconds spent executing 0 partial-flushes (flushing a total of 0 entities and 0 collections)
}
2026-06-25T00:14:57.557-03:00  INFO 9415 --- [  restartedMain] i.StatisticalLoggingSessionEventListener : Session Metrics {
    0 nanoseconds spent acquiring 0 JDBC connections;
    0 nanoseconds spent releasing 0 JDBC connections;
    0 nanoseconds spent preparing 0 JDBC statements;
    0 nanoseconds spent executing 0 JDBC statements;
    0 nanoseconds spent executing 0 JDBC batches;
    0 nanoseconds spent performing 0 L2C puts;
    0 nanoseconds spent performing 0 L2C hits;
    0 nanoseconds spent performing 0 L2C misses;
    0 nanoseconds spent executing 0 flushes (flushing a total of 0 entities and 0 collections);
    0 nanoseconds spent executing 0 partial-flushes (flushing a total of 0 entities and 0 collections)
}
2026-06-25T00:14:57.558-03:00  INFO 9415 --- [  restartedMain] i.StatisticalLoggingSessionEventListener : Session Metrics {
    0 nanoseconds spent acquiring 0 JDBC connections;
    0 nanoseconds spent releasing 0 JDBC connections;
    0 nanoseconds spent preparing 0 JDBC statements;
    0 nanoseconds spent executing 0 JDBC statements;
    0 nanoseconds spent executing 0 JDBC batches;
    0 nanoseconds spent performing 0 L2C puts;
    0 nanoseconds spent performing 0 L2C hits;
    0 nanoseconds spent performing 0 L2C misses;
    0 nanoseconds spent executing 0 flushes (flushing a total of 0 entities and 0 collections);
    0 nanoseconds spent executing 0 partial-flushes (flushing a total of 0 entities and 0 collections)
}
2026-06-25T00:14:57.558-03:00  INFO 9415 --- [  restartedMain] i.StatisticalLoggingSessionEventListener : Session Metrics {
    0 nanoseconds spent acquiring 0 JDBC connections;
    0 nanoseconds spent releasing 0 JDBC connections;
    0 nanoseconds spent preparing 0 JDBC statements;
    0 nanoseconds spent executing 0 JDBC statements;
    0 nanoseconds spent executing 0 JDBC batches;
    0 nanoseconds spent performing 0 L2C puts;
    0 nanoseconds spent performing 0 L2C hits;
    0 nanoseconds spent performing 0 L2C misses;
    0 nanoseconds spent executing 0 flushes (flushing a total of 0 entities and 0 collections);
    0 nanoseconds spent executing 0 partial-flushes (flushing a total of 0 entities and 0 collections)
}
2026-06-25T00:14:57.560-03:00  INFO 9415 --- [  restartedMain] i.StatisticalLoggingSessionEventListener : Session Metrics {
    0 nanoseconds spent acquiring 0 JDBC connections;
    0 nanoseconds spent releasing 0 JDBC connections;
    0 nanoseconds spent preparing 0 JDBC statements;
    0 nanoseconds spent executing 0 JDBC statements;
    0 nanoseconds spent executing 0 JDBC batches;
    0 nanoseconds spent performing 0 L2C puts;
    0 nanoseconds spent performing 0 L2C hits;
    0 nanoseconds spent performing 0 L2C misses;
    0 nanoseconds spent executing 0 flushes (flushing a total of 0 entities and 0 collections);
    0 nanoseconds spent executing 0 partial-flushes (flushing a total of 0 entities and 0 collections)
}
2026-06-25T00:14:57.560-03:00  INFO 9415 --- [  restartedMain] i.StatisticalLoggingSessionEventListener : Session Metrics {
    0 nanoseconds spent acquiring 0 JDBC connections;
    0 nanoseconds spent releasing 0 JDBC connections;
    0 nanoseconds spent preparing 0 JDBC statements;
    0 nanoseconds spent executing 0 JDBC statements;
    0 nanoseconds spent executing 0 JDBC batches;
    0 nanoseconds spent performing 0 L2C puts;
    0 nanoseconds spent performing 0 L2C hits;
    0 nanoseconds spent performing 0 L2C misses;
    0 nanoseconds spent executing 0 flushes (flushing a total of 0 entities and 0 collections);
    0 nanoseconds spent executing 0 partial-flushes (flushing a total of 0 entities and 0 collections)
}
2026-06-25T00:14:57.569-03:00  INFO 9415 --- [  restartedMain] i.StatisticalLoggingSessionEventListener : Session Metrics {
    0 nanoseconds spent acquiring 0 JDBC connections;
    0 nanoseconds spent releasing 0 JDBC connections;
    0 nanoseconds spent preparing 0 JDBC statements;
    0 nanoseconds spent executing 0 JDBC statements;
    0 nanoseconds spent executing 0 JDBC batches;
    0 nanoseconds spent performing 0 L2C puts;
    0 nanoseconds spent performing 0 L2C hits;
    0 nanoseconds spent performing 0 L2C misses;
    0 nanoseconds spent executing 0 flushes (flushing a total of 0 entities and 0 collections);
    0 nanoseconds spent executing 0 partial-flushes (flushing a total of 0 entities and 0 collections)
}
2026-06-25T00:14:57.569-03:00  INFO 9415 --- [  restartedMain] i.StatisticalLoggingSessionEventListener : Session Metrics {
    0 nanoseconds spent acquiring 0 JDBC connections;
    0 nanoseconds spent releasing 0 JDBC connections;
    0 nanoseconds spent preparing 0 JDBC statements;
    0 nanoseconds spent executing 0 JDBC statements;
    0 nanoseconds spent executing 0 JDBC batches;
    0 nanoseconds spent performing 0 L2C puts;
    0 nanoseconds spent performing 0 L2C hits;
    0 nanoseconds spent performing 0 L2C misses;
    0 nanoseconds spent executing 0 flushes (flushing a total of 0 entities and 0 collections);
    0 nanoseconds spent executing 0 partial-flushes (flushing a total of 0 entities and 0 collections)
}
2026-06-25T00:14:57.571-03:00  INFO 9415 --- [  restartedMain] i.StatisticalLoggingSessionEventListener : Session Metrics {
    0 nanoseconds spent acquiring 0 JDBC connections;
    0 nanoseconds spent releasing 0 JDBC connections;
    0 nanoseconds spent preparing 0 JDBC statements;
    0 nanoseconds spent executing 0 JDBC statements;
    0 nanoseconds spent executing 0 JDBC batches;
    0 nanoseconds spent performing 0 L2C puts;
    0 nanoseconds spent performing 0 L2C hits;
    0 nanoseconds spent performing 0 L2C misses;
    0 nanoseconds spent executing 0 flushes (flushing a total of 0 entities and 0 collections);
    0 nanoseconds spent executing 0 partial-flushes (flushing a total of 0 entities and 0 collections)
}
2026-06-25T00:14:57.571-03:00  INFO 9415 --- [  restartedMain] i.StatisticalLoggingSessionEventListener : Session Metrics {
    0 nanoseconds spent acquiring 0 JDBC connections;
    0 nanoseconds spent releasing 0 JDBC connections;
    0 nanoseconds spent preparing 0 JDBC statements;
    0 nanoseconds spent executing 0 JDBC statements;
    0 nanoseconds spent executing 0 JDBC batches;
    0 nanoseconds spent performing 0 L2C puts;
    0 nanoseconds spent performing 0 L2C hits;
    0 nanoseconds spent performing 0 L2C misses;
    0 nanoseconds spent executing 0 flushes (flushing a total of 0 entities and 0 collections);
    0 nanoseconds spent executing 0 partial-flushes (flushing a total of 0 entities and 0 collections)
}
2026-06-25T00:14:57.572-03:00  INFO 9415 --- [  restartedMain] i.StatisticalLoggingSessionEventListener : Session Metrics {
    0 nanoseconds spent acquiring 0 JDBC connections;
    0 nanoseconds spent releasing 0 JDBC connections;
    0 nanoseconds spent preparing 0 JDBC statements;
    0 nanoseconds spent executing 0 JDBC statements;
    0 nanoseconds spent executing 0 JDBC batches;
    0 nanoseconds spent performing 0 L2C puts;
    0 nanoseconds spent performing 0 L2C hits;
    0 nanoseconds spent performing 0 L2C misses;
    0 nanoseconds spent executing 0 flushes (flushing a total of 0 entities and 0 collections);
    0 nanoseconds spent executing 0 partial-flushes (flushing a total of 0 entities and 0 collections)
}
2026-06-25T00:14:57.572-03:00  INFO 9415 --- [  restartedMain] i.StatisticalLoggingSessionEventListener : Session Metrics {
    0 nanoseconds spent acquiring 0 JDBC connections;
    0 nanoseconds spent releasing 0 JDBC connections;
    0 nanoseconds spent preparing 0 JDBC statements;
    0 nanoseconds spent executing 0 JDBC statements;
    0 nanoseconds spent executing 0 JDBC batches;
    0 nanoseconds spent performing 0 L2C puts;
    0 nanoseconds spent performing 0 L2C hits;
    0 nanoseconds spent performing 0 L2C misses;
    0 nanoseconds spent executing 0 flushes (flushing a total of 0 entities and 0 collections);
    0 nanoseconds spent executing 0 partial-flushes (flushing a total of 0 entities and 0 collections)
}
2026-06-25T00:14:57.623-03:00  INFO 9415 --- [  restartedMain] i.StatisticalLoggingSessionEventListener : Session Metrics {
    0 nanoseconds spent acquiring 0 JDBC connections;
    0 nanoseconds spent releasing 0 JDBC connections;
    0 nanoseconds spent preparing 0 JDBC statements;
    0 nanoseconds spent executing 0 JDBC statements;
    0 nanoseconds spent executing 0 JDBC batches;
    0 nanoseconds spent performing 0 L2C puts;
    0 nanoseconds spent performing 0 L2C hits;
    0 nanoseconds spent performing 0 L2C misses;
    0 nanoseconds spent executing 0 flushes (flushing a total of 0 entities and 0 collections);
    0 nanoseconds spent executing 0 partial-flushes (flushing a total of 0 entities and 0 collections)
}
2026-06-25T00:14:57.625-03:00  INFO 9415 --- [  restartedMain] i.StatisticalLoggingSessionEventListener : Session Metrics {
    0 nanoseconds spent acquiring 0 JDBC connections;
    0 nanoseconds spent releasing 0 JDBC connections;
    0 nanoseconds spent preparing 0 JDBC statements;
    0 nanoseconds spent executing 0 JDBC statements;
    0 nanoseconds spent executing 0 JDBC batches;
    0 nanoseconds spent performing 0 L2C puts;
    0 nanoseconds spent performing 0 L2C hits;
    0 nanoseconds spent performing 0 L2C misses;
    0 nanoseconds spent executing 0 flushes (flushing a total of 0 entities and 0 collections);
    0 nanoseconds spent executing 0 partial-flushes (flushing a total of 0 entities and 0 collections)
}
2026-06-25T00:14:57.626-03:00  INFO 9415 --- [  restartedMain] i.StatisticalLoggingSessionEventListener : Session Metrics {
    0 nanoseconds spent acquiring 0 JDBC connections;
    0 nanoseconds spent releasing 0 JDBC connections;
    0 nanoseconds spent preparing 0 JDBC statements;
    0 nanoseconds spent executing 0 JDBC statements;
    0 nanoseconds spent executing 0 JDBC batches;
    0 nanoseconds spent performing 0 L2C puts;
    0 nanoseconds spent performing 0 L2C hits;
    0 nanoseconds spent performing 0 L2C misses;
    0 nanoseconds spent executing 0 flushes (flushing a total of 0 entities and 0 collections);
    0 nanoseconds spent executing 0 partial-flushes (flushing a total of 0 entities and 0 collections)
}
2026-06-25T00:14:57.626-03:00  INFO 9415 --- [  restartedMain] i.StatisticalLoggingSessionEventListener : Session Metrics {
    0 nanoseconds spent acquiring 0 JDBC connections;
    0 nanoseconds spent releasing 0 JDBC connections;
    0 nanoseconds spent preparing 0 JDBC statements;
    0 nanoseconds spent executing 0 JDBC statements;
    0 nanoseconds spent executing 0 JDBC batches;
    0 nanoseconds spent performing 0 L2C puts;
    0 nanoseconds spent performing 0 L2C hits;
    0 nanoseconds spent performing 0 L2C misses;
    0 nanoseconds spent executing 0 flushes (flushing a total of 0 entities and 0 collections);
    0 nanoseconds spent executing 0 partial-flushes (flushing a total of 0 entities and 0 collections)
}
2026-06-25T00:14:57.626-03:00  INFO 9415 --- [  restartedMain] i.StatisticalLoggingSessionEventListener : Session Metrics {
    0 nanoseconds spent acquiring 0 JDBC connections;
    0 nanoseconds spent releasing 0 JDBC connections;
    0 nanoseconds spent preparing 0 JDBC statements;
    0 nanoseconds spent executing 0 JDBC statements;
    0 nanoseconds spent executing 0 JDBC batches;
    0 nanoseconds spent performing 0 L2C puts;
    0 nanoseconds spent performing 0 L2C hits;
    0 nanoseconds spent performing 0 L2C misses;
    0 nanoseconds spent executing 0 flushes (flushing a total of 0 entities and 0 collections);
    0 nanoseconds spent executing 0 partial-flushes (flushing a total of 0 entities and 0 collections)
}
2026-06-25T00:14:57.627-03:00  INFO 9415 --- [  restartedMain] i.StatisticalLoggingSessionEventListener : Session Metrics {
    0 nanoseconds spent acquiring 0 JDBC connections;
    0 nanoseconds spent releasing 0 JDBC connections;
    0 nanoseconds spent preparing 0 JDBC statements;
    0 nanoseconds spent executing 0 JDBC statements;
    0 nanoseconds spent executing 0 JDBC batches;
    0 nanoseconds spent performing 0 L2C puts;
    0 nanoseconds spent performing 0 L2C hits;
    0 nanoseconds spent performing 0 L2C misses;
    0 nanoseconds spent executing 0 flushes (flushing a total of 0 entities and 0 collections);
    0 nanoseconds spent executing 0 partial-flushes (flushing a total of 0 entities and 0 collections)
}
2026-06-25T00:14:57.655-03:00  INFO 9415 --- [  restartedMain] i.StatisticalLoggingSessionEventListener : Session Metrics {
    0 nanoseconds spent acquiring 0 JDBC connections;
    0 nanoseconds spent releasing 0 JDBC connections;
    0 nanoseconds spent preparing 0 JDBC statements;
    0 nanoseconds spent executing 0 JDBC statements;
    0 nanoseconds spent executing 0 JDBC batches;
    0 nanoseconds spent performing 0 L2C puts;
    0 nanoseconds spent performing 0 L2C hits;
    0 nanoseconds spent performing 0 L2C misses;
    0 nanoseconds spent executing 0 flushes (flushing a total of 0 entities and 0 collections);
    0 nanoseconds spent executing 0 partial-flushes (flushing a total of 0 entities and 0 collections)
}
2026-06-25T00:14:57.657-03:00  INFO 9415 --- [  restartedMain] i.StatisticalLoggingSessionEventListener : Session Metrics {
    0 nanoseconds spent acquiring 0 JDBC connections;
    0 nanoseconds spent releasing 0 JDBC connections;
    0 nanoseconds spent preparing 0 JDBC statements;
    0 nanoseconds spent executing 0 JDBC statements;
    0 nanoseconds spent executing 0 JDBC batches;
    0 nanoseconds spent performing 0 L2C puts;
    0 nanoseconds spent performing 0 L2C hits;
    0 nanoseconds spent performing 0 L2C misses;
    0 nanoseconds spent executing 0 flushes (flushing a total of 0 entities and 0 collections);
    0 nanoseconds spent executing 0 partial-flushes (flushing a total of 0 entities and 0 collections)
}
2026-06-25T00:14:57.659-03:00  INFO 9415 --- [  restartedMain] i.StatisticalLoggingSessionEventListener : Session Metrics {
    0 nanoseconds spent acquiring 0 JDBC connections;
    0 nanoseconds spent releasing 0 JDBC connections;
    0 nanoseconds spent preparing 0 JDBC statements;
    0 nanoseconds spent executing 0 JDBC statements;
    0 nanoseconds spent executing 0 JDBC batches;
    0 nanoseconds spent performing 0 L2C puts;
    0 nanoseconds spent performing 0 L2C hits;
    0 nanoseconds spent performing 0 L2C misses;
    0 nanoseconds spent executing 0 flushes (flushing a total of 0 entities and 0 collections);
    0 nanoseconds spent executing 0 partial-flushes (flushing a total of 0 entities and 0 collections)
}
2026-06-25T00:14:57.659-03:00  INFO 9415 --- [  restartedMain] i.StatisticalLoggingSessionEventListener : Session Metrics {
    0 nanoseconds spent acquiring 0 JDBC connections;
    0 nanoseconds spent releasing 0 JDBC connections;
    0 nanoseconds spent preparing 0 JDBC statements;
    0 nanoseconds spent executing 0 JDBC statements;
    0 nanoseconds spent executing 0 JDBC batches;
    0 nanoseconds spent performing 0 L2C puts;
    0 nanoseconds spent performing 0 L2C hits;
    0 nanoseconds spent performing 0 L2C misses;
    0 nanoseconds spent executing 0 flushes (flushing a total of 0 entities and 0 collections);
    0 nanoseconds spent executing 0 partial-flushes (flushing a total of 0 entities and 0 collections)
}
2026-06-25T00:14:57.660-03:00  INFO 9415 --- [  restartedMain] i.StatisticalLoggingSessionEventListener : Session Metrics {
    0 nanoseconds spent acquiring 0 JDBC connections;
    0 nanoseconds spent releasing 0 JDBC connections;
    0 nanoseconds spent preparing 0 JDBC statements;
    0 nanoseconds spent executing 0 JDBC statements;
    0 nanoseconds spent executing 0 JDBC batches;
    0 nanoseconds spent performing 0 L2C puts;
    0 nanoseconds spent performing 0 L2C hits;
    0 nanoseconds spent performing 0 L2C misses;
    0 nanoseconds spent executing 0 flushes (flushing a total of 0 entities and 0 collections);
    0 nanoseconds spent executing 0 partial-flushes (flushing a total of 0 entities and 0 collections)
}
2026-06-25T00:14:57.661-03:00  INFO 9415 --- [  restartedMain] i.StatisticalLoggingSessionEventListener : Session Metrics {
    0 nanoseconds spent acquiring 0 JDBC connections;
    0 nanoseconds spent releasing 0 JDBC connections;
    0 nanoseconds spent preparing 0 JDBC statements;
    0 nanoseconds spent executing 0 JDBC statements;
    0 nanoseconds spent executing 0 JDBC batches;
    0 nanoseconds spent performing 0 L2C puts;
    0 nanoseconds spent performing 0 L2C hits;
    0 nanoseconds spent performing 0 L2C misses;
    0 nanoseconds spent executing 0 flushes (flushing a total of 0 entities and 0 collections);
    0 nanoseconds spent executing 0 partial-flushes (flushing a total of 0 entities and 0 collections)
}
2026-06-25T00:14:57.661-03:00  INFO 9415 --- [  restartedMain] i.StatisticalLoggingSessionEventListener : Session Metrics {
    0 nanoseconds spent acquiring 0 JDBC connections;
    0 nanoseconds spent releasing 0 JDBC connections;
    0 nanoseconds spent preparing 0 JDBC statements;
    0 nanoseconds spent executing 0 JDBC statements;
    0 nanoseconds spent executing 0 JDBC batches;
    0 nanoseconds spent performing 0 L2C puts;
    0 nanoseconds spent performing 0 L2C hits;
    0 nanoseconds spent performing 0 L2C misses;
    0 nanoseconds spent executing 0 flushes (flushing a total of 0 entities and 0 collections);
    0 nanoseconds spent executing 0 partial-flushes (flushing a total of 0 entities and 0 collections)
}
2026-06-25T00:14:57.662-03:00  INFO 9415 --- [  restartedMain] i.StatisticalLoggingSessionEventListener : Session Metrics {
    0 nanoseconds spent acquiring 0 JDBC connections;
    0 nanoseconds spent releasing 0 JDBC connections;
    0 nanoseconds spent preparing 0 JDBC statements;
    0 nanoseconds spent executing 0 JDBC statements;
    0 nanoseconds spent executing 0 JDBC batches;
    0 nanoseconds spent performing 0 L2C puts;
    0 nanoseconds spent performing 0 L2C hits;
    0 nanoseconds spent performing 0 L2C misses;
    0 nanoseconds spent executing 0 flushes (flushing a total of 0 entities and 0 collections);
    0 nanoseconds spent executing 0 partial-flushes (flushing a total of 0 entities and 0 collections)
}
2026-06-25T00:14:57.663-03:00  INFO 9415 --- [  restartedMain] i.StatisticalLoggingSessionEventListener : Session Metrics {
    0 nanoseconds spent acquiring 0 JDBC connections;
    0 nanoseconds spent releasing 0 JDBC connections;
    0 nanoseconds spent preparing 0 JDBC statements;
    0 nanoseconds spent executing 0 JDBC statements;
    0 nanoseconds spent executing 0 JDBC batches;
    0 nanoseconds spent performing 0 L2C puts;
    0 nanoseconds spent performing 0 L2C hits;
    0 nanoseconds spent performing 0 L2C misses;
    0 nanoseconds spent executing 0 flushes (flushing a total of 0 entities and 0 collections);
    0 nanoseconds spent executing 0 partial-flushes (flushing a total of 0 entities and 0 collections)
}
2026-06-25T00:14:57.664-03:00  INFO 9415 --- [  restartedMain] i.StatisticalLoggingSessionEventListener : Session Metrics {
    0 nanoseconds spent acquiring 0 JDBC connections;
    0 nanoseconds spent releasing 0 JDBC connections;
    0 nanoseconds spent preparing 0 JDBC statements;
    0 nanoseconds spent executing 0 JDBC statements;
    0 nanoseconds spent executing 0 JDBC batches;
    0 nanoseconds spent performing 0 L2C puts;
    0 nanoseconds spent performing 0 L2C hits;
    0 nanoseconds spent performing 0 L2C misses;
    0 nanoseconds spent executing 0 flushes (flushing a total of 0 entities and 0 collections);
    0 nanoseconds spent executing 0 partial-flushes (flushing a total of 0 entities and 0 collections)
}
2026-06-25T00:14:57.665-03:00  INFO 9415 --- [  restartedMain] i.StatisticalLoggingSessionEventListener : Session Metrics {
    0 nanoseconds spent acquiring 0 JDBC connections;
    0 nanoseconds spent releasing 0 JDBC connections;
    0 nanoseconds spent preparing 0 JDBC statements;
    0 nanoseconds spent executing 0 JDBC statements;
    0 nanoseconds spent executing 0 JDBC batches;
    0 nanoseconds spent performing 0 L2C puts;
    0 nanoseconds spent performing 0 L2C hits;
    0 nanoseconds spent performing 0 L2C misses;
    0 nanoseconds spent executing 0 flushes (flushing a total of 0 entities and 0 collections);
    0 nanoseconds spent executing 0 partial-flushes (flushing a total of 0 entities and 0 collections)
}
2026-06-25T00:14:57.666-03:00  INFO 9415 --- [  restartedMain] i.StatisticalLoggingSessionEventListener : Session Metrics {
    0 nanoseconds spent acquiring 0 JDBC connections;
    0 nanoseconds spent releasing 0 JDBC connections;
    0 nanoseconds spent preparing 0 JDBC statements;
    0 nanoseconds spent executing 0 JDBC statements;
    0 nanoseconds spent executing 0 JDBC batches;
    0 nanoseconds spent performing 0 L2C puts;
    0 nanoseconds spent performing 0 L2C hits;
    0 nanoseconds spent performing 0 L2C misses;
    0 nanoseconds spent executing 0 flushes (flushing a total of 0 entities and 0 collections);
    0 nanoseconds spent executing 0 partial-flushes (flushing a total of 0 entities and 0 collections)
}
2026-06-25T00:14:57.666-03:00  INFO 9415 --- [  restartedMain] i.StatisticalLoggingSessionEventListener : Session Metrics {
    0 nanoseconds spent acquiring 0 JDBC connections;
    0 nanoseconds spent releasing 0 JDBC connections;
    0 nanoseconds spent preparing 0 JDBC statements;
    0 nanoseconds spent executing 0 JDBC statements;
    0 nanoseconds spent executing 0 JDBC batches;
    0 nanoseconds spent performing 0 L2C puts;
    0 nanoseconds spent performing 0 L2C hits;
    0 nanoseconds spent performing 0 L2C misses;
    0 nanoseconds spent executing 0 flushes (flushing a total of 0 entities and 0 collections);
    0 nanoseconds spent executing 0 partial-flushes (flushing a total of 0 entities and 0 collections)
}
2026-06-25T00:14:57.667-03:00  INFO 9415 --- [  restartedMain] i.StatisticalLoggingSessionEventListener : Session Metrics {
    0 nanoseconds spent acquiring 0 JDBC connections;
    0 nanoseconds spent releasing 0 JDBC connections;
    0 nanoseconds spent preparing 0 JDBC statements;
    0 nanoseconds spent executing 0 JDBC statements;
    0 nanoseconds spent executing 0 JDBC batches;
    0 nanoseconds spent performing 0 L2C puts;
    0 nanoseconds spent performing 0 L2C hits;
    0 nanoseconds spent performing 0 L2C misses;
    0 nanoseconds spent executing 0 flushes (flushing a total of 0 entities and 0 collections);
    0 nanoseconds spent executing 0 partial-flushes (flushing a total of 0 entities and 0 collections)
}
2026-06-25T00:14:57.667-03:00  INFO 9415 --- [  restartedMain] i.StatisticalLoggingSessionEventListener : Session Metrics {
    0 nanoseconds spent acquiring 0 JDBC connections;
    0 nanoseconds spent releasing 0 JDBC connections;
    0 nanoseconds spent preparing 0 JDBC statements;
    0 nanoseconds spent executing 0 JDBC statements;
    0 nanoseconds spent executing 0 JDBC batches;
    0 nanoseconds spent performing 0 L2C puts;
    0 nanoseconds spent performing 0 L2C hits;
    0 nanoseconds spent performing 0 L2C misses;
    0 nanoseconds spent executing 0 flushes (flushing a total of 0 entities and 0 collections);
    0 nanoseconds spent executing 0 partial-flushes (flushing a total of 0 entities and 0 collections)
}
2026-06-25T00:14:57.667-03:00  INFO 9415 --- [  restartedMain] i.StatisticalLoggingSessionEventListener : Session Metrics {
    0 nanoseconds spent acquiring 0 JDBC connections;
    0 nanoseconds spent releasing 0 JDBC connections;
    0 nanoseconds spent preparing 0 JDBC statements;
    0 nanoseconds spent executing 0 JDBC statements;
    0 nanoseconds spent executing 0 JDBC batches;
    0 nanoseconds spent performing 0 L2C puts;
    0 nanoseconds spent performing 0 L2C hits;
    0 nanoseconds spent performing 0 L2C misses;
    0 nanoseconds spent executing 0 flushes (flushing a total of 0 entities and 0 collections);
    0 nanoseconds spent executing 0 partial-flushes (flushing a total of 0 entities and 0 collections)
}
2026-06-25T00:14:57.675-03:00  INFO 9415 --- [  restartedMain] i.StatisticalLoggingSessionEventListener : Session Metrics {
    0 nanoseconds spent acquiring 0 JDBC connections;
    0 nanoseconds spent releasing 0 JDBC connections;
    0 nanoseconds spent preparing 0 JDBC statements;
    0 nanoseconds spent executing 0 JDBC statements;
    0 nanoseconds spent executing 0 JDBC batches;
    0 nanoseconds spent performing 0 L2C puts;
    0 nanoseconds spent performing 0 L2C hits;
    0 nanoseconds spent performing 0 L2C misses;
    0 nanoseconds spent executing 0 flushes (flushing a total of 0 entities and 0 collections);
    0 nanoseconds spent executing 0 partial-flushes (flushing a total of 0 entities and 0 collections)
}
2026-06-25T00:14:57.677-03:00  INFO 9415 --- [  restartedMain] i.StatisticalLoggingSessionEventListener : Session Metrics {
    0 nanoseconds spent acquiring 0 JDBC connections;
    0 nanoseconds spent releasing 0 JDBC connections;
    0 nanoseconds spent preparing 0 JDBC statements;
    0 nanoseconds spent executing 0 JDBC statements;
    0 nanoseconds spent executing 0 JDBC batches;
    0 nanoseconds spent performing 0 L2C puts;
    0 nanoseconds spent performing 0 L2C hits;
    0 nanoseconds spent performing 0 L2C misses;
    0 nanoseconds spent executing 0 flushes (flushing a total of 0 entities and 0 collections);
    0 nanoseconds spent executing 0 partial-flushes (flushing a total of 0 entities and 0 collections)
}
2026-06-25T00:14:57.688-03:00  INFO 9415 --- [  restartedMain] i.StatisticalLoggingSessionEventListener : Session Metrics {
    0 nanoseconds spent acquiring 0 JDBC connections;
    0 nanoseconds spent releasing 0 JDBC connections;
    0 nanoseconds spent preparing 0 JDBC statements;
    0 nanoseconds spent executing 0 JDBC statements;
    0 nanoseconds spent executing 0 JDBC batches;
    0 nanoseconds spent performing 0 L2C puts;
    0 nanoseconds spent performing 0 L2C hits;
    0 nanoseconds spent performing 0 L2C misses;
    0 nanoseconds spent executing 0 flushes (flushing a total of 0 entities and 0 collections);
    0 nanoseconds spent executing 0 partial-flushes (flushing a total of 0 entities and 0 collections)
}
2026-06-25T00:14:57.689-03:00  INFO 9415 --- [  restartedMain] i.StatisticalLoggingSessionEventListener : Session Metrics {
    0 nanoseconds spent acquiring 0 JDBC connections;
    0 nanoseconds spent releasing 0 JDBC connections;
    0 nanoseconds spent preparing 0 JDBC statements;
    0 nanoseconds spent executing 0 JDBC statements;
    0 nanoseconds spent executing 0 JDBC batches;
    0 nanoseconds spent performing 0 L2C puts;
    0 nanoseconds spent performing 0 L2C hits;
    0 nanoseconds spent performing 0 L2C misses;
    0 nanoseconds spent executing 0 flushes (flushing a total of 0 entities and 0 collections);
    0 nanoseconds spent executing 0 partial-flushes (flushing a total of 0 entities and 0 collections)
}
2026-06-25T00:14:57.729-03:00  INFO 9415 --- [  restartedMain] i.StatisticalLoggingSessionEventListener : Session Metrics {
    0 nanoseconds spent acquiring 0 JDBC connections;
    0 nanoseconds spent releasing 0 JDBC connections;
    0 nanoseconds spent preparing 0 JDBC statements;
    0 nanoseconds spent executing 0 JDBC statements;
    0 nanoseconds spent executing 0 JDBC batches;
    0 nanoseconds spent performing 0 L2C puts;
    0 nanoseconds spent performing 0 L2C hits;
    0 nanoseconds spent performing 0 L2C misses;
    0 nanoseconds spent executing 0 flushes (flushing a total of 0 entities and 0 collections);
    0 nanoseconds spent executing 0 partial-flushes (flushing a total of 0 entities and 0 collections)
}
2026-06-25T00:14:57.731-03:00  INFO 9415 --- [  restartedMain] i.StatisticalLoggingSessionEventListener : Session Metrics {
    0 nanoseconds spent acquiring 0 JDBC connections;
    0 nanoseconds spent releasing 0 JDBC connections;
    0 nanoseconds spent preparing 0 JDBC statements;
    0 nanoseconds spent executing 0 JDBC statements;
    0 nanoseconds spent executing 0 JDBC batches;
    0 nanoseconds spent performing 0 L2C puts;
    0 nanoseconds spent performing 0 L2C hits;
    0 nanoseconds spent performing 0 L2C misses;
    0 nanoseconds spent executing 0 flushes (flushing a total of 0 entities and 0 collections);
    0 nanoseconds spent executing 0 partial-flushes (flushing a total of 0 entities and 0 collections)
}
2026-06-25T00:14:57.732-03:00  INFO 9415 --- [  restartedMain] i.StatisticalLoggingSessionEventListener : Session Metrics {
    0 nanoseconds spent acquiring 0 JDBC connections;
    0 nanoseconds spent releasing 0 JDBC connections;
    0 nanoseconds spent preparing 0 JDBC statements;
    0 nanoseconds spent executing 0 JDBC statements;
    0 nanoseconds spent executing 0 JDBC batches;
    0 nanoseconds spent performing 0 L2C puts;
    0 nanoseconds spent performing 0 L2C hits;
    0 nanoseconds spent performing 0 L2C misses;
    0 nanoseconds spent executing 0 flushes (flushing a total of 0 entities and 0 collections);
    0 nanoseconds spent executing 0 partial-flushes (flushing a total of 0 entities and 0 collections)
}
2026-06-25T00:14:57.732-03:00  INFO 9415 --- [  restartedMain] i.StatisticalLoggingSessionEventListener : Session Metrics {
    0 nanoseconds spent acquiring 0 JDBC connections;
    0 nanoseconds spent releasing 0 JDBC connections;
    0 nanoseconds spent preparing 0 JDBC statements;
    0 nanoseconds spent executing 0 JDBC statements;
    0 nanoseconds spent executing 0 JDBC batches;
    0 nanoseconds spent performing 0 L2C puts;
    0 nanoseconds spent performing 0 L2C hits;
    0 nanoseconds spent performing 0 L2C misses;
    0 nanoseconds spent executing 0 flushes (flushing a total of 0 entities and 0 collections);
    0 nanoseconds spent executing 0 partial-flushes (flushing a total of 0 entities and 0 collections)
}
2026-06-25T00:14:57.740-03:00  INFO 9415 --- [  restartedMain] i.StatisticalLoggingSessionEventListener : Session Metrics {
    0 nanoseconds spent acquiring 0 JDBC connections;
    0 nanoseconds spent releasing 0 JDBC connections;
    0 nanoseconds spent preparing 0 JDBC statements;
    0 nanoseconds spent executing 0 JDBC statements;
    0 nanoseconds spent executing 0 JDBC batches;
    0 nanoseconds spent performing 0 L2C puts;
    0 nanoseconds spent performing 0 L2C hits;
    0 nanoseconds spent performing 0 L2C misses;
    0 nanoseconds spent executing 0 flushes (flushing a total of 0 entities and 0 collections);
    0 nanoseconds spent executing 0 partial-flushes (flushing a total of 0 entities and 0 collections)
}
2026-06-25T00:14:57.743-03:00  INFO 9415 --- [  restartedMain] i.StatisticalLoggingSessionEventListener : Session Metrics {
    0 nanoseconds spent acquiring 0 JDBC connections;
    0 nanoseconds spent releasing 0 JDBC connections;
    0 nanoseconds spent preparing 0 JDBC statements;
    0 nanoseconds spent executing 0 JDBC statements;
    0 nanoseconds spent executing 0 JDBC batches;
    0 nanoseconds spent performing 0 L2C puts;
    0 nanoseconds spent performing 0 L2C hits;
    0 nanoseconds spent performing 0 L2C misses;
    0 nanoseconds spent executing 0 flushes (flushing a total of 0 entities and 0 collections);
    0 nanoseconds spent executing 0 partial-flushes (flushing a total of 0 entities and 0 collections)
}
2026-06-25T00:14:57.744-03:00  INFO 9415 --- [  restartedMain] i.StatisticalLoggingSessionEventListener : Session Metrics {
    0 nanoseconds spent acquiring 0 JDBC connections;
    0 nanoseconds spent releasing 0 JDBC connections;
    0 nanoseconds spent preparing 0 JDBC statements;
    0 nanoseconds spent executing 0 JDBC statements;
    0 nanoseconds spent executing 0 JDBC batches;
    0 nanoseconds spent performing 0 L2C puts;
    0 nanoseconds spent performing 0 L2C hits;
    0 nanoseconds spent performing 0 L2C misses;
    0 nanoseconds spent executing 0 flushes (flushing a total of 0 entities and 0 collections);
    0 nanoseconds spent executing 0 partial-flushes (flushing a total of 0 entities and 0 collections)
}
2026-06-25T00:14:57.744-03:00  INFO 9415 --- [  restartedMain] i.StatisticalLoggingSessionEventListener : Session Metrics {
    0 nanoseconds spent acquiring 0 JDBC connections;
    0 nanoseconds spent releasing 0 JDBC connections;
    0 nanoseconds spent preparing 0 JDBC statements;
    0 nanoseconds spent executing 0 JDBC statements;
    0 nanoseconds spent executing 0 JDBC batches;
    0 nanoseconds spent performing 0 L2C puts;
    0 nanoseconds spent performing 0 L2C hits;
    0 nanoseconds spent performing 0 L2C misses;
    0 nanoseconds spent executing 0 flushes (flushing a total of 0 entities and 0 collections);
    0 nanoseconds spent executing 0 partial-flushes (flushing a total of 0 entities and 0 collections)
}
2026-06-25T00:14:57.746-03:00  INFO 9415 --- [  restartedMain] i.StatisticalLoggingSessionEventListener : Session Metrics {
    0 nanoseconds spent acquiring 0 JDBC connections;
    0 nanoseconds spent releasing 0 JDBC connections;
    0 nanoseconds spent preparing 0 JDBC statements;
    0 nanoseconds spent executing 0 JDBC statements;
    0 nanoseconds spent executing 0 JDBC batches;
    0 nanoseconds spent performing 0 L2C puts;
    0 nanoseconds spent performing 0 L2C hits;
    0 nanoseconds spent performing 0 L2C misses;
    0 nanoseconds spent executing 0 flushes (flushing a total of 0 entities and 0 collections);
    0 nanoseconds spent executing 0 partial-flushes (flushing a total of 0 entities and 0 collections)
}
2026-06-25T00:14:57.746-03:00  INFO 9415 --- [  restartedMain] i.StatisticalLoggingSessionEventListener : Session Metrics {
    0 nanoseconds spent acquiring 0 JDBC connections;
    0 nanoseconds spent releasing 0 JDBC connections;
    0 nanoseconds spent preparing 0 JDBC statements;
    0 nanoseconds spent executing 0 JDBC statements;
    0 nanoseconds spent executing 0 JDBC batches;
    0 nanoseconds spent performing 0 L2C puts;
    0 nanoseconds spent performing 0 L2C hits;
    0 nanoseconds spent performing 0 L2C misses;
    0 nanoseconds spent executing 0 flushes (flushing a total of 0 entities and 0 collections);
    0 nanoseconds spent executing 0 partial-flushes (flushing a total of 0 entities and 0 collections)
}
2026-06-25T00:14:57.783-03:00  INFO 9415 --- [  restartedMain] i.StatisticalLoggingSessionEventListener : Session Metrics {
    0 nanoseconds spent acquiring 0 JDBC connections;
    0 nanoseconds spent releasing 0 JDBC connections;
    0 nanoseconds spent preparing 0 JDBC statements;
    0 nanoseconds spent executing 0 JDBC statements;
    0 nanoseconds spent executing 0 JDBC batches;
    0 nanoseconds spent performing 0 L2C puts;
    0 nanoseconds spent performing 0 L2C hits;
    0 nanoseconds spent performing 0 L2C misses;
    0 nanoseconds spent executing 0 flushes (flushing a total of 0 entities and 0 collections);
    0 nanoseconds spent executing 0 partial-flushes (flushing a total of 0 entities and 0 collections)
}
2026-06-25T00:14:57.785-03:00  INFO 9415 --- [  restartedMain] i.StatisticalLoggingSessionEventListener : Session Metrics {
    0 nanoseconds spent acquiring 0 JDBC connections;
    0 nanoseconds spent releasing 0 JDBC connections;
    0 nanoseconds spent preparing 0 JDBC statements;
    0 nanoseconds spent executing 0 JDBC statements;
    0 nanoseconds spent executing 0 JDBC batches;
    0 nanoseconds spent performing 0 L2C puts;
    0 nanoseconds spent performing 0 L2C hits;
    0 nanoseconds spent performing 0 L2C misses;
    0 nanoseconds spent executing 0 flushes (flushing a total of 0 entities and 0 collections);
    0 nanoseconds spent executing 0 partial-flushes (flushing a total of 0 entities and 0 collections)
}
2026-06-25T00:14:57.786-03:00  INFO 9415 --- [  restartedMain] i.StatisticalLoggingSessionEventListener : Session Metrics {
    0 nanoseconds spent acquiring 0 JDBC connections;
    0 nanoseconds spent releasing 0 JDBC connections;
    0 nanoseconds spent preparing 0 JDBC statements;
    0 nanoseconds spent executing 0 JDBC statements;
    0 nanoseconds spent executing 0 JDBC batches;
    0 nanoseconds spent performing 0 L2C puts;
    0 nanoseconds spent performing 0 L2C hits;
    0 nanoseconds spent performing 0 L2C misses;
    0 nanoseconds spent executing 0 flushes (flushing a total of 0 entities and 0 collections);
    0 nanoseconds spent executing 0 partial-flushes (flushing a total of 0 entities and 0 collections)
}
2026-06-25T00:14:57.787-03:00  INFO 9415 --- [  restartedMain] i.StatisticalLoggingSessionEventListener : Session Metrics {
    0 nanoseconds spent acquiring 0 JDBC connections;
    0 nanoseconds spent releasing 0 JDBC connections;
    0 nanoseconds spent preparing 0 JDBC statements;
    0 nanoseconds spent executing 0 JDBC statements;
    0 nanoseconds spent executing 0 JDBC batches;
    0 nanoseconds spent performing 0 L2C puts;
    0 nanoseconds spent performing 0 L2C hits;
    0 nanoseconds spent performing 0 L2C misses;
    0 nanoseconds spent executing 0 flushes (flushing a total of 0 entities and 0 collections);
    0 nanoseconds spent executing 0 partial-flushes (flushing a total of 0 entities and 0 collections)
}
2026-06-25T00:14:57.967-03:00  WARN 9415 --- [  restartedMain] JpaBaseConfiguration$JpaWebConfiguration : spring.jpa.open-in-view is enabled by default. Therefore, database queries may be performed during view rendering. Explicitly configure spring.jpa.open-in-view to disable this warning
2026-06-25T00:14:58.435-03:00  WARN 9415 --- [  restartedMain] o.s.b.d.a.OptionalLiveReloadServer       : Unable to start LiveReload server
2026-06-25T00:14:58.441-03:00  INFO 9415 --- [  restartedMain] o.s.b.a.e.web.EndpointLinksResolver      : Exposing 1 endpoint(s) beneath base path '/actuator'
2026-06-25T00:14:58.595-03:00  INFO 9415 --- [  restartedMain] o.a.t.util.net.NioEndpoint.certificate   : Connector [https-jsse-nio-8443], TLS virtual host [_default_], certificate type [UNDEFINED] configured from keystore [/home/lorranluiz/.keystore] using alias [tomcat] with trust store [null]
2026-06-25T00:14:58.609-03:00  INFO 9415 --- [  restartedMain] o.s.b.w.embedded.tomcat.TomcatWebServer  : Tomcat started on ports 8443 (https), 8080 (http) with context path ''

----------------------------------------------------------
Application is running!
Access URL: https://localhost:8443/
HTTP requests will be redirected to HTTPS
----------------------------------------------------------

2026-06-25T00:14:58.621-03:00  INFO 9415 --- [  restartedMain] xyz.planecon.Application                 : Started Application in 5.863 seconds (process running for 6.43)
Hibernate: 
    select
        count(i1_0.id) 
    from
        instance i1_0
Hibernate: 
    select
        count(s1_0.id) 
    from
        sector s1_0
Hibernate: 
    select
        count(u1_0.id) 
    from
        "user" u1_0
Hibernate: 
    select
        count(sm1_0.id) 
    from
        social_materialization sm1_0
Banco de dados verificado: já contém dados
- Instâncias: 6097
- Setores: 14
- Usuários: 6012
- Materializações Sociais: 36
Banco de dados já está populado. Pulando etapa de seed.
2026-06-25T00:14:58.741-03:00  INFO 9415 --- [  restartedMain] i.StatisticalLoggingSessionEventListener : Session Metrics {
    544016 nanoseconds spent acquiring 1 JDBC connections;
    0 nanoseconds spent releasing 0 JDBC connections;
    249446 nanoseconds spent preparing 4 JDBC statements;
    19966057 nanoseconds spent executing 4 JDBC statements;
    0 nanoseconds spent executing 0 JDBC batches;
    0 nanoseconds spent performing 0 L2C puts;
    0 nanoseconds spent performing 0 L2C hits;
    0 nanoseconds spent performing 0 L2C misses;
    0 nanoseconds spent executing 0 flushes (flushing a total of 0 entities and 0 collections);
    25586 nanoseconds spent executing 4 partial-flushes (flushing a total of 0 entities and 0 collections)
}
2026-06-25T00:19:41.188-03:00  INFO 9415 --- [nio-8080-exec-1] o.a.c.c.C.[Tomcat].[localhost].[/]       : Initializing Spring DispatcherServlet 'dispatcherServlet'
2026-06-25T00:19:41.188-03:00  INFO 9415 --- [nio-8080-exec-1] o.s.web.servlet.DispatcherServlet        : Initializing Servlet 'dispatcherServlet'
2026-06-25T00:19:41.191-03:00  INFO 9415 --- [nio-8080-exec-1] o.s.web.servlet.DispatcherServlet        : Completed initialization in 3 ms
2026-06-25T00:19:41.238-03:00  INFO 9415 --- [nio-8080-exec-1] i.StatisticalLoggingSessionEventListener : Session Metrics {
    0 nanoseconds spent acquiring 0 JDBC connections;
    0 nanoseconds spent releasing 0 JDBC connections;
    0 nanoseconds spent preparing 0 JDBC statements;
    0 nanoseconds spent executing 0 JDBC statements;
    0 nanoseconds spent executing 0 JDBC batches;
    0 nanoseconds spent performing 0 L2C puts;
    0 nanoseconds spent performing 0 L2C hits;
    0 nanoseconds spent performing 0 L2C misses;
    0 nanoseconds spent executing 0 flushes (flushing a total of 0 entities and 0 collections);
    0 nanoseconds spent executing 0 partial-flushes (flushing a total of 0 entities and 0 collections)
}
2026-06-25T00:19:41.258-03:00  INFO 9415 --- [nio-8080-exec-2] i.StatisticalLoggingSessionEventListener : Session Metrics {
    0 nanoseconds spent acquiring 0 JDBC connections;
    0 nanoseconds spent releasing 0 JDBC connections;
    0 nanoseconds spent preparing 0 JDBC statements;
    0 nanoseconds spent executing 0 JDBC statements;
    0 nanoseconds spent executing 0 JDBC batches;
    0 nanoseconds spent performing 0 L2C puts;
    0 nanoseconds spent performing 0 L2C hits;
    0 nanoseconds spent performing 0 L2C misses;
    0 nanoseconds spent executing 0 flushes (flushing a total of 0 entities and 0 collections);
    0 nanoseconds spent executing 0 partial-flushes (flushing a total of 0 entities and 0 collections)
}
2026-06-25T00:19:41.311-03:00  INFO 9415 --- [nio-8080-exec-3] i.StatisticalLoggingSessionEventListener : Session Metrics {
    0 nanoseconds spent acquiring 0 JDBC connections;
    0 nanoseconds spent releasing 0 JDBC connections;
    0 nanoseconds spent preparing 0 JDBC statements;
    0 nanoseconds spent executing 0 JDBC statements;
    0 nanoseconds spent executing 0 JDBC batches;
    0 nanoseconds spent performing 0 L2C puts;
    0 nanoseconds spent performing 0 L2C hits;
    0 nanoseconds spent performing 0 L2C misses;
    0 nanoseconds spent executing 0 flushes (flushing a total of 0 entities and 0 collections);
    0 nanoseconds spent executing 0 partial-flushes (flushing a total of 0 entities and 0 collections)
}
2026-06-25T00:19:41.314-03:00  INFO 9415 --- [nio-8080-exec-4] i.StatisticalLoggingSessionEventListener : Session Metrics {
    0 nanoseconds spent acquiring 0 JDBC connections;
    0 nanoseconds spent releasing 0 JDBC connections;
    0 nanoseconds spent preparing 0 JDBC statements;
    0 nanoseconds spent executing 0 JDBC statements;
    0 nanoseconds spent executing 0 JDBC batches;
    0 nanoseconds spent performing 0 L2C puts;
    0 nanoseconds spent performing 0 L2C hits;
    0 nanoseconds spent performing 0 L2C misses;
    0 nanoseconds spent executing 0 flushes (flushing a total of 0 entities and 0 collections);
    0 nanoseconds spent executing 0 partial-flushes (flushing a total of 0 entities and 0 collections)
}
2026-06-25T00:19:41.315-03:00  INFO 9415 --- [nio-8080-exec-5] i.StatisticalLoggingSessionEventListener : Session Metrics {
    0 nanoseconds spent acquiring 0 JDBC connections;
    0 nanoseconds spent releasing 0 JDBC connections;
    0 nanoseconds spent preparing 0 JDBC statements;
    0 nanoseconds spent executing 0 JDBC statements;
    0 nanoseconds spent executing 0 JDBC batches;
    0 nanoseconds spent performing 0 L2C puts;
    0 nanoseconds spent performing 0 L2C hits;
    0 nanoseconds spent performing 0 L2C misses;
    0 nanoseconds spent executing 0 flushes (flushing a total of 0 entities and 0 collections);
    0 nanoseconds spent executing 0 partial-flushes (flushing a total of 0 entities and 0 collections)
}
2026-06-25T00:19:41.318-03:00  INFO 9415 --- [nio-8080-exec-4] i.StatisticalLoggingSessionEventListener : Session Metrics {
    0 nanoseconds spent acquiring 0 JDBC connections;
    0 nanoseconds spent releasing 0 JDBC connections;
    0 nanoseconds spent preparing 0 JDBC statements;
    0 nanoseconds spent executing 0 JDBC statements;
    0 nanoseconds spent executing 0 JDBC batches;
    0 nanoseconds spent performing 0 L2C puts;
    0 nanoseconds spent performing 0 L2C hits;
    0 nanoseconds spent performing 0 L2C misses;
    0 nanoseconds spent executing 0 flushes (flushing a total of 0 entities and 0 collections);
    0 nanoseconds spent executing 0 partial-flushes (flushing a total of 0 entities and 0 collections)
}
2026-06-25T00:19:41.636-03:00  INFO 9415 --- [nio-8080-exec-8] x.p.c.SocialMaterializationController    : Obtendo lista de materializações sociais para formulário de instâncias
2026-06-25T00:19:41.682-03:00  INFO 9415 --- [nio-8080-exec-2] i.StatisticalLoggingSessionEventListener : Session Metrics {
    0 nanoseconds spent acquiring 0 JDBC connections;
    0 nanoseconds spent releasing 0 JDBC connections;
    0 nanoseconds spent preparing 0 JDBC statements;
    0 nanoseconds spent executing 0 JDBC statements;
    0 nanoseconds spent executing 0 JDBC batches;
    0 nanoseconds spent performing 0 L2C puts;
    0 nanoseconds spent performing 0 L2C hits;
    0 nanoseconds spent performing 0 L2C misses;
    0 nanoseconds spent executing 0 flushes (flushing a total of 0 entities and 0 collections);
    0 nanoseconds spent executing 0 partial-flushes (flushing a total of 0 entities and 0 collections)
}
Hibernate: 
    select
        s1_0.id,
        s1_0.created_at,
        s1_0.name 
    from
        sector s1_0
Hibernate: 
    select
        i1_0.id,
        i1_0.address_complement,
        i1_0.id_associated_worker_committee,
        i1_0.balance,
        i1_0.city,
        i1_0.city_code,
        i1_0.cnpj,
        i1_0.co2_emission_limit,
        i1_0.committee_name,
        i1_0.continent,
        i1_0.country,
        i1_0.created_at,
        i1_0.estimated_individual_participation_in_social_work,
        i1_0.hours_at_electronic_point,
        i1_0.id_associated_worker_residents_association,
        i1_0.last_council_estimates_synced_at,
        i1_0.last_estimates_saved_at,
        i1_0.last_planner_estimates_synced_at,
        i1_0.latitude,
        i1_0.longitude,
        i1_0.planification_data_tampered,
        i1_0.popular_council_associated_with_committee_or_worker,
        i1_0.popular_council_associated_with_popular_council,
        i1_0.postal_code,
        i1_0.produced_quantity,
        i1_0.redeemable_hours,
        i1_0.id_social_materialization,
        i1_0.socially_confirmed_work_time,
        i1_0.state,
        i1_0.street,
        i1_0.street_number,
        i1_0.suburb,
        i1_0.target_quantity,
        i1_0.tax_rate,
        i1_0.technological_quantities_by_materialization,
        i1_0.total_social_production_capacity,
        i1_0.total_social_work,
        i1_0.total_social_work_of_this_jurisdiction,
        i1_0.total_worker_hours,
        i1_0.type,
        i1_0.worker_effective_limit 
    from
        instance i1_0
Hibernate: 
    select
        i1_0.id,
        i1_0.address_complement,
        i1_0.id_associated_worker_committee,
        i1_0.balance,
        i1_0.city,
        i1_0.city_code,
        i1_0.cnpj,
        i1_0.co2_emission_limit,
        i1_0.committee_name,
        i1_0.continent,
        i1_0.country,
        i1_0.created_at,
        i1_0.estimated_individual_participation_in_social_work,
        i1_0.hours_at_electronic_point,
        i1_0.id_associated_worker_residents_association,
        i1_0.last_council_estimates_synced_at,
        i1_0.last_estimates_saved_at,
        i1_0.last_planner_estimates_synced_at,
        i1_0.latitude,
        i1_0.longitude,
        i1_0.planification_data_tampered,
        i1_0.popular_council_associated_with_committee_or_worker,
        i1_0.popular_council_associated_with_popular_council,
        i1_0.postal_code,
        i1_0.produced_quantity,
        i1_0.redeemable_hours,
        i1_0.id_social_materialization,
        i1_0.socially_confirmed_work_time,
        i1_0.state,
        i1_0.street,
        i1_0.street_number,
        i1_0.suburb,
        i1_0.target_quantity,
        i1_0.tax_rate,
        i1_0.technological_quantities_by_materialization,
        i1_0.total_social_production_capacity,
        i1_0.total_social_work,
        i1_0.total_social_work_of_this_jurisdiction,
        i1_0.total_worker_hours,
        i1_0.type,
        i1_0.worker_effective_limit 
    from
        instance i1_0 
    where
        i1_0.type=?
Hibernate: 
    select
        i1_0.id,
        i1_0.address_complement,
        i1_0.id_associated_worker_committee,
        i1_0.balance,
        i1_0.city,
        i1_0.city_code,
        i1_0.cnpj,
        i1_0.co2_emission_limit,
        i1_0.committee_name,
        i1_0.continent,
        i1_0.country,
        i1_0.created_at,
        i1_0.estimated_individual_participation_in_social_work,
        i1_0.hours_at_electronic_point,
        i1_0.id_associated_worker_residents_association,
        i1_0.last_council_estimates_synced_at,
        i1_0.last_estimates_saved_at,
        i1_0.last_planner_estimates_synced_at,
        i1_0.latitude,
        i1_0.longitude,
        i1_0.planification_data_tampered,
        i1_0.popular_council_associated_with_committee_or_worker,
        i1_0.popular_council_associated_with_popular_council,
        i1_0.postal_code,
        i1_0.produced_quantity,
        i1_0.redeemable_hours,
        i1_0.id_social_materialization,
        i1_0.socially_confirmed_work_time,
        i1_0.state,
        i1_0.street,
        i1_0.street_number,
        i1_0.suburb,
        i1_0.target_quantity,
        i1_0.tax_rate,
        i1_0.technological_quantities_by_materialization,
        i1_0.total_social_production_capacity,
        i1_0.total_social_work,
        i1_0.total_social_work_of_this_jurisdiction,
        i1_0.total_worker_hours,
        i1_0.type,
        i1_0.worker_effective_limit 
    from
        instance i1_0 
    where
        i1_0.type=?
Hibernate: 
    select
        sm1_0.id,
        sm1_0.co2_emission_factor,
        sm1_0.created_at,
        sm1_0.id_measurement_unit,
        sm1_0.name,
        sm1_0.id_sector,
        sm1_0.standard_quantity_per_unit,
        sm1_0.type,
        sm1_0.validity_deadline 
    from
        social_materialization sm1_0
Hibernate: 
    select
        mu1_0.id,
        mu1_0.created_at,
        mu1_0.name 
    from
        measurement_unit mu1_0 
    where
        mu1_0.id=?
Hibernate: 
    select
        s1_0.id,
        s1_0.created_at,
        s1_0.name 
    from
        sector s1_0 
    where
        s1_0.id=?
Hibernate: 
    select
        s1_0.id,
        s1_0.created_at,
        s1_0.name 
    from
        sector s1_0 
    where
        s1_0.id=?
Hibernate: 
    select
        s1_0.id,
        s1_0.created_at,
        s1_0.name 
    from
        sector s1_0 
    where
        s1_0.id=?
Hibernate: 
    select
        s1_0.id,
        s1_0.created_at,
        s1_0.name 
    from
        sector s1_0 
    where
        s1_0.id=?
Hibernate: 
    select
        s1_0.id,
        s1_0.created_at,
        s1_0.name 
    from
        sector s1_0 
    where
        s1_0.id=?
Hibernate: 
    select
        mu1_0.id,
        mu1_0.created_at,
        mu1_0.name 
    from
        measurement_unit mu1_0 
    where
        mu1_0.id=?
Hibernate: 
    select
        s1_0.id,
        s1_0.created_at,
        s1_0.name 
    from
        sector s1_0 
    where
        s1_0.id=?
Hibernate: 
    select
        s1_0.id,
        s1_0.created_at,
        s1_0.name 
    from
        sector s1_0 
    where
        s1_0.id=?
Hibernate: 
    select
        mu1_0.id,
        mu1_0.created_at,
        mu1_0.name 
    from
        measurement_unit mu1_0 
    where
        mu1_0.id=?
Hibernate: 
    select
        s1_0.id,
        s1_0.created_at,
        s1_0.name 
    from
        sector s1_0 
    where
        s1_0.id=?
Hibernate: 
    select
        s1_0.id,
        s1_0.created_at,
        s1_0.name 
    from
        sector s1_0 
    where
        s1_0.id=?
Hibernate: 
    select
        s1_0.id,
        s1_0.created_at,
        s1_0.name 
    from
        sector s1_0 
    where
        s1_0.id=?
Hibernate: 
    select
        s1_0.id,
        s1_0.created_at,
        s1_0.name 
    from
        sector s1_0 
    where
        s1_0.id=?
2026-06-25T00:19:41.738-03:00  INFO 9415 --- [nio-8080-exec-9] i.StatisticalLoggingSessionEventListener : Session Metrics {
    2617409 nanoseconds spent acquiring 1 JDBC connections;
    0 nanoseconds spent releasing 0 JDBC connections;
    107036 nanoseconds spent preparing 1 JDBC statements;
    1589617 nanoseconds spent executing 1 JDBC statements;
    0 nanoseconds spent executing 0 JDBC batches;
    0 nanoseconds spent performing 0 L2C puts;
    0 nanoseconds spent performing 0 L2C hits;
    0 nanoseconds spent performing 0 L2C misses;
    0 nanoseconds spent executing 0 flushes (flushing a total of 0 entities and 0 collections);
    3690 nanoseconds spent executing 1 partial-flushes (flushing a total of 0 entities and 0 collections)
}
Hibernate: 
    select
        s1_0.id,
        s1_0.created_at,
        s1_0.name 
    from
        sector s1_0 
    where
        s1_0.id=?
Hibernate: 
    select
        s1_0.id,
        s1_0.created_at,
        s1_0.name 
    from
        sector s1_0 
    where
        s1_0.id=?
Hibernate: 
    select
        mu1_0.id,
        mu1_0.created_at,
        mu1_0.name 
    from
        measurement_unit mu1_0 
    where
        mu1_0.id=?
Hibernate: 
    select
        s1_0.id,
        s1_0.created_at,
        s1_0.name 
    from
        sector s1_0 
    where
        s1_0.id=?
2026-06-25T00:19:41.749-03:00  INFO 9415 --- [nio-8080-exec-8] x.p.c.SocialMaterializationController    : Encontradas 36 materializações sociais
Hibernate: 
    select
        i1_0.id,
        i1_0.address_complement,
        i1_0.id_associated_worker_committee,
        i1_0.balance,
        i1_0.city,
        i1_0.city_code,
        i1_0.cnpj,
        i1_0.co2_emission_limit,
        i1_0.committee_name,
        i1_0.continent,
        i1_0.country,
        i1_0.created_at,
        i1_0.estimated_individual_participation_in_social_work,
        i1_0.hours_at_electronic_point,
        i1_0.id_associated_worker_residents_association,
        i1_0.last_council_estimates_synced_at,
        i1_0.last_estimates_saved_at,
        i1_0.last_planner_estimates_synced_at,
        i1_0.latitude,
        i1_0.longitude,
        i1_0.planification_data_tampered,
        i1_0.popular_council_associated_with_committee_or_worker,
        i1_0.popular_council_associated_with_popular_council,
        i1_0.postal_code,
        i1_0.produced_quantity,
        i1_0.redeemable_hours,
        i1_0.id_social_materialization,
        i1_0.socially_confirmed_work_time,
        i1_0.state,
        i1_0.street,
        i1_0.street_number,
        i1_0.suburb,
        i1_0.target_quantity,
        i1_0.tax_rate,
        i1_0.technological_quantities_by_materialization,
        i1_0.total_social_production_capacity,
        i1_0.total_social_work,
        i1_0.total_social_work_of_this_jurisdiction,
        i1_0.total_worker_hours,
        i1_0.type,
        i1_0.worker_effective_limit 
    from
        instance i1_0 
    where
        i1_0.id=?
2026-06-25T00:19:41.766-03:00  INFO 9415 --- [io-8080-exec-10] i.StatisticalLoggingSessionEventListener : Session Metrics {
    400568 nanoseconds spent acquiring 1 JDBC connections;
    0 nanoseconds spent releasing 0 JDBC connections;
    834287 nanoseconds spent preparing 2 JDBC statements;
    6806142 nanoseconds spent executing 2 JDBC statements;
    0 nanoseconds spent executing 0 JDBC batches;
    0 nanoseconds spent performing 0 L2C puts;
    0 nanoseconds spent performing 0 L2C hits;
    0 nanoseconds spent performing 0 L2C misses;
    0 nanoseconds spent executing 0 flushes (flushing a total of 0 entities and 0 collections);
    0 nanoseconds spent executing 0 partial-flushes (flushing a total of 0 entities and 0 collections)
}
2026-06-25T00:19:41.770-03:00  INFO 9415 --- [nio-8080-exec-8] i.StatisticalLoggingSessionEventListener : Session Metrics {
    2644413 nanoseconds spent acquiring 1 JDBC connections;
    0 nanoseconds spent releasing 0 JDBC connections;
    1413370 nanoseconds spent preparing 19 JDBC statements;
    13171978 nanoseconds spent executing 19 JDBC statements;
    0 nanoseconds spent executing 0 JDBC batches;
    0 nanoseconds spent performing 0 L2C puts;
    0 nanoseconds spent performing 0 L2C hits;
    0 nanoseconds spent performing 0 L2C misses;
    0 nanoseconds spent executing 0 flushes (flushing a total of 0 entities and 0 collections);
    3083 nanoseconds spent executing 1 partial-flushes (flushing a total of 0 entities and 0 collections)
}
2026-06-25T00:19:41.783-03:00  INFO 9415 --- [nio-8080-exec-1] i.StatisticalLoggingSessionEventListener : Session Metrics {
    565663 nanoseconds spent acquiring 1 JDBC connections;
    0 nanoseconds spent releasing 0 JDBC connections;
    783769 nanoseconds spent preparing 1 JDBC statements;
    5102021 nanoseconds spent executing 1 JDBC statements;
    0 nanoseconds spent executing 0 JDBC batches;
    0 nanoseconds spent performing 0 L2C puts;
    0 nanoseconds spent performing 0 L2C hits;
    0 nanoseconds spent performing 0 L2C misses;
    0 nanoseconds spent executing 0 flushes (flushing a total of 0 entities and 0 collections);
    0 nanoseconds spent executing 0 partial-flushes (flushing a total of 0 entities and 0 collections)
}
2026-06-25T00:19:41.998-03:00  INFO 9415 --- [nio-8080-exec-7] i.StatisticalLoggingSessionEventListener : Session Metrics {
    4097239 nanoseconds spent acquiring 1 JDBC connections;
    0 nanoseconds spent releasing 0 JDBC connections;
    213043 nanoseconds spent preparing 1 JDBC statements;
    87424151 nanoseconds spent executing 1 JDBC statements;
    0 nanoseconds spent executing 0 JDBC batches;
    0 nanoseconds spent performing 0 L2C puts;
    0 nanoseconds spent performing 0 L2C hits;
    0 nanoseconds spent performing 0 L2C misses;
    0 nanoseconds spent executing 0 flushes (flushing a total of 0 entities and 0 collections);
    1826 nanoseconds spent executing 1 partial-flushes (flushing a total of 0 entities and 0 collections)
}
